data_type,pii_data_point,token,is_active,hash,created_by,modified_by
FIRST_NAME,"Shaan",TKN_LK5AKXXK5K77_FIRST_NAME,true,21184707ec7924d868425e61cec53843,admin,system
LAST_NAME,"Tanaka",TKN_LK5AKXXK5K77_LAST_NAME,true,58d3d548f5d60a990842ab0527d59504,admin,system
EMAIL,"Shaan_Tanaka5@hotmail.com",TKN_LK5AKXXK5K77_EMAIL,true,d9b6b8d8061a892f2758441c10a0058d,admin,system
MOBILE_NUMBER,"7487343851",TKN_LK5AKXXK5K77_MOBILE_NUMBER,true,31091b57ca10f62e146aef0d78c2635c,admin,system
DATE_OF_BIRTH,"1958-10-29",TKN_LK5AKXXK5K77_DATE_OF_BIRTH,true,229bcb3b38fd46b26b6c6962afb5c188,admin,system
ADDRESS,"120 Gerlach Rapid, Violabury, Virginia, 89995-4557",TKN_LK5AKXXK5K77_ADDRESS,true,c3ca519276905bb712512523fa39dc34,admin,system
CITY,"Jabalpur",TKN_LK5AKXXK5K77_CITY,true,a188763369517f5028524b31cf873d3b,admin,system
COUNTRY,"India",TKN_LK5AKXXK5K77_COUNTRY,true,3aed689e574db1724af3a47c66e9218a,admin,system
FIRST_NAME,"Wang",TKN_IZQC6C5LBQZ4_FIRST_NAME,true,51b9e3c31650c449a1ef46946e245ec1,admin,admin
LAST_NAME,"Liang",TKN_IZQC6C5LBQZ4_LAST_NAME,true,41a87b0a8b030c30b88c305a06f2e86b,admin,admin
EMAIL,"Wang.Liang@yahoo.com",TKN_IZQC6C5LBQZ4_EMAIL,true,34c83e197d654b855c303cd7ec868f1f,admin,admin
MOBILE_NUMBER,"7718211787",TKN_IZQC6C5LBQZ4_MOBILE_NUMBER,true,ec7f268930216586049df8b9b2099fac,admin,admin
DATE_OF_BIRTH,"1953-03-03",TKN_IZQC6C5LBQZ4_DATE_OF_BIRTH,true,555c633267d0f1cf07b7820b3470494c,admin,admin
ADDRESS,"6716 Veronica Curve, Christfield, Arkansas, 63800-1576",TKN_IZQC6C5LBQZ4_ADDRESS,true,0160dc4b5630c7173b48fa0b1f038a3b,admin,admin
CITY,"Nagpur",TKN_IZQC6C5LBQZ4_CITY,true,9be91ab5f0c6961a76f9dde84f3a91e4,admin,admin
COUNTRY,"India",TKN_IZQC6C5LBQZ4_COUNTRY,true,2c73933b42d134b586c43d39b20844aa,admin,admin
MIDDLE_NAME,"Bin",TKN_IZQC6C5LBQZ4_MIDDLE_NAME,true,2bcb80b443d998265761add1daed5b72,admin,admin
PAN_CARD,"RBJSB1262Q",TKN_IZQC6C5LBQZ4_PAN_CARD,true,763af807f8fdfd2ea72eb9d1f49bf2b3,admin,admin
FIRST_NAME,"Deepak",TKN_1COPSSC7GEH1_FIRST_NAME,false,fda8fc51ce454e8fdb1f3eab75bc04c3,system,admin
LAST_NAME,"Cho",TKN_1COPSSC7GEH1_LAST_NAME,false,4741f337d82f2bc4499c85313b1b672b,system,admin
EMAIL,"Deepak.Cho@yahoo.com",TKN_1COPSSC7GEH1_EMAIL,false,d2ff23dee120d7a3b25d3c34a007ea2e,system,admin
MOBILE_NUMBER,"8164492852",TKN_1COPSSC7GEH1_MOBILE_NUMBER,false,9ce691e9facf04739fb0f88ab5eb7585,system,admin
DATE_OF_BIRTH,"1989-04-28",TKN_1COPSSC7GEH1_DATE_OF_BIRTH,false,2f8bb18c8c8711bfdd29385229509a2d,system,admin
ADDRESS,"250 Scarlett Plains, Arecibo, Montana, 09772",TKN_1COPSSC7GEH1_ADDRESS,false,2c3e008884cd9d8e845ac71a61d466e1,system,admin
CITY,"Kolkata",TKN_1COPSSC7GEH1_CITY,false,006277a439e394ad5761149061600bb1,system,admin
COUNTRY,"India",TKN_1COPSSC7GEH1_COUNTRY,false,c0b0e5ff9e511817c69c6157bae7c53a,system,admin
PAN_CARD,"VYWMY4138R",TKN_1COPSSC7GEH1_PAN_CARD,false,c7fe091969637a24bb6e8133e65e2436,system,admin
FIRST_NAME,"Myra",TKN_F0BXO6ZCOLW0_FIRST_NAME,true,bbd2999fae5e66f73ef9e1de25fda6c7,system,api
LAST_NAME,"Yoshida",TKN_F0BXO6ZCOLW0_LAST_NAME,true,14326e9b215b558a3bf8cfe390ff3be2,system,api
EMAIL,"Myra_Yoshida8@yahoo.com",TKN_F0BXO6ZCOLW0_EMAIL,true,f5303a4cddee0ce6faece347f6a14460,system,api
MOBILE_NUMBER,"8052443245",TKN_F0BXO6ZCOLW0_MOBILE_NUMBER,true,34530c57b8e7814e541db251d04db1bf,system,api
DATE_OF_BIRTH,"1985-08-18",TKN_F0BXO6ZCOLW0_DATE_OF_BIRTH,true,555ae7edf30fc23319e4251f2a6758fb,system,api
ADDRESS,"2439 Brandyn Corners, Connellyview, Wisconsin, 32514",TKN_F0BXO6ZCOLW0_ADDRESS,true,cde97842dbb021a39804461b8732a57f,system,api
CITY,"Pune",TKN_F0BXO6ZCOLW0_CITY,true,d7f475aafdf132f1ecb91f8405ff7bfd,system,api
COUNTRY,"India",TKN_F0BXO6ZCOLW0_COUNTRY,true,bb42ed6dd20b95cbb939f8b9cd03e74f,system,api
FIRST_NAME,"Shaan",TKN_NAFWTYM0JBP9_FIRST_NAME,true,9348f7421e39b3f47731c99700bf3863,api,system
LAST_NAME,"Mahajan",TKN_NAFWTYM0JBP9_LAST_NAME,true,13cc35e1498d965c9d85469b3592c46d,api,system
EMAIL,"Shaan_Mahajan@yahoo.com",TKN_NAFWTYM0JBP9_EMAIL,true,bc17a171db3e4775a871a03defc29a3f,api,system
MOBILE_NUMBER,"7407679107",TKN_NAFWTYM0JBP9_MOBILE_NUMBER,true,d13dce8bb46843abee2d56f8bfcaea48,api,system
DATE_OF_BIRTH,"2002-06-12",TKN_NAFWTYM0JBP9_DATE_OF_BIRTH,true,5760bed6a19d51bc31a264ac14323f2c,api,system
ADDRESS,"361 Ryan Divide, East Luciano, Texas, 87546",TKN_NAFWTYM0JBP9_ADDRESS,true,6bba908d2b2566688f3dda0bd13bf5f7,api,system
CITY,"Madurai",TKN_NAFWTYM0JBP9_CITY,true,f542d14ea5858505f8ef454bb66703d3,api,system
COUNTRY,"India",TKN_NAFWTYM0JBP9_COUNTRY,true,887d98ddc7f2dafc45f568f2ac4bc7eb,api,system
PAN_CARD,"BYIDZ4562J",TKN_NAFWTYM0JBP9_PAN_CARD,true,fcc07e8dd1d84082cb76191d953e6040,api,system
FIRST_NAME,"Vihaan",TKN_FCYP33JX6V5Q_FIRST_NAME,false,e2df3d73bf3bca292215c0a63f5ac425,system,api
LAST_NAME,"Liang",TKN_FCYP33JX6V5Q_LAST_NAME,false,860f12959a9bd1ec11270a4a3e904943,system,api
EMAIL,"Vihaan_Liang26@hotmail.com",TKN_FCYP33JX6V5Q_EMAIL,false,821786d639005f265c280da80cf89789,system,api
MOBILE_NUMBER,"6620185606",TKN_FCYP33JX6V5Q_MOBILE_NUMBER,false,e10fc6916bef82cd4e71dd795b2b3184,system,api
DATE_OF_BIRTH,"1963-09-12",TKN_FCYP33JX6V5Q_DATE_OF_BIRTH,false,7240374dd551116081467c912a917c84,system,api
ADDRESS,"4003 Graham Light, New Lyla, Nevada, 32898",TKN_FCYP33JX6V5Q_ADDRESS,false,a06e98d23249e8199f2b0a2df1586c0d,system,api
CITY,"Mumbai",TKN_FCYP33JX6V5Q_CITY,false,c6113fd8700d796e673961949b9401a5,system,api
COUNTRY,"India",TKN_FCYP33JX6V5Q_COUNTRY,false,8f186f839615e1c0ac4e32473b5e6f3f,system,api
PASSPORT_NUMBER,"B4435470",TKN_FCYP33JX6V5Q_PASSPORT_NUMBER,false,14341a1df6170029009e0840d5eb31e6,system,api
FIRST_NAME,"Vani",TKN_D1CIC4K9DF0S_FIRST_NAME,true,fefe471393d0574cf89db58fe0bfe855,system,system
LAST_NAME,"Ito",TKN_D1CIC4K9DF0S_LAST_NAME,true,1ca2fb6090e808575d63ee6805b0a8aa,system,system
EMAIL,"Vani.Ito77@hotmail.com",TKN_D1CIC4K9DF0S_EMAIL,true,ae2ce02a5748068fc5929eb5ca34cb91,system,system
MOBILE_NUMBER,"6423842624",TKN_D1CIC4K9DF0S_MOBILE_NUMBER,true,a01349633ff8046009e7e994d6e067af,system,system
DATE_OF_BIRTH,"1989-01-04",TKN_D1CIC4K9DF0S_DATE_OF_BIRTH,true,d1edc7394e41f256215a64fa4eafa375,system,system
ADDRESS,"98758 Dean Square, Kenosha, Tennessee, 17767",TKN_D1CIC4K9DF0S_ADDRESS,true,384ecc48b1bf9054edf7749314eaa06e,system,system
CITY,"Lucknow",TKN_D1CIC4K9DF0S_CITY,true,1285a0fa42ac758111e2eeb3b4589731,system,system
COUNTRY,"India",TKN_D1CIC4K9DF0S_COUNTRY,true,3cda87c65dc3615325ffa1ba950072cc,system,system
PAN_CARD,"LNZSK0580U",TKN_D1CIC4K9DF0S_PAN_CARD,true,fc57fc6cd8288b5cdb580ed3fc85a412,system,system
FIRST_NAME,"Varun",TKN_47K4E8JLLO63_FIRST_NAME,true,64555f5cf3bf011a2cdecaff8643b9c2,system,api
LAST_NAME,"Tandon",TKN_47K4E8JLLO63_LAST_NAME,true,e20b95526c7b560d088676a050bb6ccc,system,api
EMAIL,"Varun.Tandon@yahoo.com",TKN_47K4E8JLLO63_EMAIL,true,ba7229171127a74d82045166669dfbb7,system,api
MOBILE_NUMBER,"9209620272",TKN_47K4E8JLLO63_MOBILE_NUMBER,true,d3dec9cc89809dedcf6b372b6b0dd950,system,api
DATE_OF_BIRTH,"1968-08-03",TKN_47K4E8JLLO63_DATE_OF_BIRTH,true,98adad5bcb6cf159e10496ed0f8cbb36,system,api
ADDRESS,"258 Valley Road, Granttown, California, 34251-6937",TKN_47K4E8JLLO63_ADDRESS,true,0fa830d4b3c69b12dcbadb96cfa40997,system,api
CITY,"Patna",TKN_47K4E8JLLO63_CITY,true,8af65ff086cf0e680c1478485ac2a392,system,api
COUNTRY,"India",TKN_47K4E8JLLO63_COUNTRY,true,ce2971e80d94dad26e3ca65b5020a3d6,system,api
PAN_CARD,"SVWCS5017U",TKN_47K4E8JLLO63_PAN_CARD,true,383889ce468c80a1009f480e66416ccd,system,api
FIRST_NAME,"Jerry",TKN_E3U4RZ7I2KOX_FIRST_NAME,true,e285ca53fb019298127780998d7aa9cf,system,admin
LAST_NAME,"Bharti",TKN_E3U4RZ7I2KOX_LAST_NAME,true,d095025e6062f7c71c91129784cdcb06,system,admin
EMAIL,"Jerry_Bharti@gmail.com",TKN_E3U4RZ7I2KOX_EMAIL,true,34e133e4c37684129c1934417157cf47,system,admin
MOBILE_NUMBER,"7367641776",TKN_E3U4RZ7I2KOX_MOBILE_NUMBER,true,19508cb92388c0fb8408c661b732e9d1,system,admin
DATE_OF_BIRTH,"1967-02-24",TKN_E3U4RZ7I2KOX_DATE_OF_BIRTH,true,45d0c0d723d267e8886e656adfdeda2e,system,admin
ADDRESS,"6777 Swaniawski Drives, Pomona, Illinois, 15748-9680",TKN_E3U4RZ7I2KOX_ADDRESS,true,3cab1ba65676b85710b6ccf040b61daf,system,admin
CITY,"Vasai-Virar",TKN_E3U4RZ7I2KOX_CITY,true,d829925c5c32d978747a16e752357a39,system,admin
COUNTRY,"India",TKN_E3U4RZ7I2KOX_COUNTRY,true,e67f9f4f8e3f209fdb627b47f6354591,system,admin
MIDDLE_NAME,"Shankar",TKN_E3U4RZ7I2KOX_MIDDLE_NAME,true,d9deb1300d001f49554c97ddc38f4102,system,admin
FIRST_NAME,"Ishita",TKN_CM2RQPPXOUWB_FIRST_NAME,true,ae8284d7d5ee579562e2b71571507bc9,system,user
LAST_NAME,"Luo",TKN_CM2RQPPXOUWB_LAST_NAME,true,ad01daf425ab44057060599f393a2803,system,user
EMAIL,"Ishita_Luo95@yahoo.com",TKN_CM2RQPPXOUWB_EMAIL,true,b6c76fda32a9b1751e6ad025ace8af8f,system,user
MOBILE_NUMBER,"9271392005",TKN_CM2RQPPXOUWB_MOBILE_NUMBER,true,11e8e64e43f8960b611a9b7878d07c09,system,user
DATE_OF_BIRTH,"1963-10-08",TKN_CM2RQPPXOUWB_DATE_OF_BIRTH,true,64ba1e60c9cb2458a1105aba71a77a40,system,user
ADDRESS,"5768 College Avenue, Faheystad, Pennsylvania, 11819",TKN_CM2RQPPXOUWB_ADDRESS,true,71bf43ccda7bf037176e1816af89aa08,system,user
CITY,"Bhopal",TKN_CM2RQPPXOUWB_CITY,true,256be6ed1dacd4346e355277de613f81,system,user
COUNTRY,"India",TKN_CM2RQPPXOUWB_COUNTRY,true,27ebd4fbf620e61759dc1a624b6c0d3d,system,user
PASSPORT_NUMBER,"Q7145261",TKN_CM2RQPPXOUWB_PASSPORT_NUMBER,true,75fad7e27b5aa762a0d3489430a2f021,system,user
FIRST_NAME,"Anvi",TKN_W5294J9EOFAZ_FIRST_NAME,false,47d8770774814c4025bdec9aa97d0be3,system,batch_job
LAST_NAME,"Xu",TKN_W5294J9EOFAZ_LAST_NAME,false,f221d2ef6df654cb574b590da514599b,system,batch_job
EMAIL,"Anvi_Xu78@gmail.com",TKN_W5294J9EOFAZ_EMAIL,false,49adda78374430272ae67b239319d90d,system,batch_job
MOBILE_NUMBER,"7864661237",TKN_W5294J9EOFAZ_MOBILE_NUMBER,false,97d6831e081622df9a4ccc9fe6783db6,system,batch_job
DATE_OF_BIRTH,"1987-09-05",TKN_W5294J9EOFAZ_DATE_OF_BIRTH,false,8d201eb4b7c4100f9b485afcf4a9c618,system,batch_job
ADDRESS,"87947 Lincoln Highway, West Tressa, Georgia, 60934-3181",TKN_W5294J9EOFAZ_ADDRESS,false,933814f4accdc0620c63145012a297e6,system,batch_job
CITY,"Ghaziabad",TKN_W5294J9EOFAZ_CITY,false,66376b92746827df9d6f6b53505debd0,system,batch_job
COUNTRY,"India",TKN_W5294J9EOFAZ_COUNTRY,false,d1485d03e71259d7d1fcf49532e04c85,system,batch_job
PAN_CARD,"VLWJF6491Y",TKN_W5294J9EOFAZ_PAN_CARD,false,cbf57ea1d5fc4a9f9d6a8ed46061b5b9,system,batch_job
FIRST_NAME,"Helen",TKN_0R7WLS3C15X7_FIRST_NAME,false,5c3f50217df9c3b9f09ee545c05f7d73,batch_job,api
LAST_NAME,"Jackson",TKN_0R7WLS3C15X7_LAST_NAME,false,ac4f9604365b43f557c8cc06ac6c5220,batch_job,api
EMAIL,"Helen.Jackson6@hotmail.com",TKN_0R7WLS3C15X7_EMAIL,false,26b6ab3d11064a687a939bbbfdb9df09,batch_job,api
MOBILE_NUMBER,"8086235589",TKN_0R7WLS3C15X7_MOBILE_NUMBER,false,c537fe1f13494988c741502a4d7c56f4,batch_job,api
DATE_OF_BIRTH,"1996-07-08",TKN_0R7WLS3C15X7_DATE_OF_BIRTH,false,855df2caabc34f5988079603e94561ea,batch_job,api
ADDRESS,"6799 Broadway Avenue, West Hannaborough, New Mexico, 01670-6855",TKN_0R7WLS3C15X7_ADDRESS,false,06a6b2621d2ea588fc799b7bca469f64,batch_job,api
CITY,"Bhopal",TKN_0R7WLS3C15X7_CITY,false,e26a7936fba34f8a11816c117b46cb32,batch_job,api
COUNTRY,"India",TKN_0R7WLS3C15X7_COUNTRY,false,41256ff55704dc5127e74bdef8f9a3ce,batch_job,api
FIRST_NAME,"Tan",TKN_YCE5Q4VBEJAG_FIRST_NAME,true,58093e72e1695301c7533bc2e56e9515,system,admin
LAST_NAME,"Mahajan",TKN_YCE5Q4VBEJAG_LAST_NAME,true,a28e880b29a7b8ba0983647a94d16df8,system,admin
EMAIL,"Tan.Mahajan80@hotmail.com",TKN_YCE5Q4VBEJAG_EMAIL,true,a185a7ea4a721100020ae1dc165b323e,system,admin
MOBILE_NUMBER,"9759025084",TKN_YCE5Q4VBEJAG_MOBILE_NUMBER,true,d3584e3d2e089631df62660a24a368eb,system,admin
DATE_OF_BIRTH,"1999-06-25",TKN_YCE5Q4VBEJAG_DATE_OF_BIRTH,true,6d734572d58e68ef3d9a56cb764f0123,system,admin
ADDRESS,"6457 Elm Street, Rutherfordshire, Wisconsin, 51148",TKN_YCE5Q4VBEJAG_ADDRESS,true,e56732c5d9b50892fff6824b3ca08549,system,admin
CITY,"Vasai-Virar",TKN_YCE5Q4VBEJAG_CITY,true,b0a5ea8f08dd2fa11ddf636833b6894d,system,admin
COUNTRY,"India",TKN_YCE5Q4VBEJAG_COUNTRY,true,118becb605f806526431a1ce1f88f8e1,system,admin
PAN_CARD,"XFMRM0301I",TKN_YCE5Q4VBEJAG_PAN_CARD,true,ed283bc064869d64bd0a50d7c3be53a3,system,admin
PASSPORT_NUMBER,"A4819487",TKN_YCE5Q4VBEJAG_PASSPORT_NUMBER,true,0f77527871f38672d3df254887fbdbc5,system,admin
FIRST_NAME,"Karen",TKN_ZWHVFYRWKBGX_FIRST_NAME,true,c4a7d4394d41ac74a8b4acb45c679abf,user,system
LAST_NAME,"Peng",TKN_ZWHVFYRWKBGX_LAST_NAME,true,1865c838cdea310d9f65330a0f5386fa,user,system
EMAIL,"Karen_Peng@gmail.com",TKN_ZWHVFYRWKBGX_EMAIL,true,bcf7f223284c1105b7b5954f6f5aa598,user,system
MOBILE_NUMBER,"8038568801",TKN_ZWHVFYRWKBGX_MOBILE_NUMBER,true,48895f73f52303a6d4faa7b29c7248b7,user,system
DATE_OF_BIRTH,"1960-03-04",TKN_ZWHVFYRWKBGX_DATE_OF_BIRTH,true,9fe1c2b6d32196ea8a2604a70d4cc621,user,system
ADDRESS,"390 Walker Court, Wilburnton, New Hampshire, 25141",TKN_ZWHVFYRWKBGX_ADDRESS,true,274eab3065d7b9064b40a45a6428df11,user,system
CITY,"Agra",TKN_ZWHVFYRWKBGX_CITY,true,8a50e2236ea495d07aabc16b86ff90a7,user,system
COUNTRY,"India",TKN_ZWHVFYRWKBGX_COUNTRY,true,041e34ef5d03186febfe85a0fe0da0c7,user,system
MIDDLE_NAME,"James",TKN_ZWHVFYRWKBGX_MIDDLE_NAME,true,b6202a64fe937bbaf63738f6e6c4cf2c,user,system
PAN_CARD,"XUJOJ4003X",TKN_ZWHVFYRWKBGX_PAN_CARD,true,7c5aad4fc42a911a00f5f394b89f5532,user,system
FIRST_NAME,"Hu",TKN_01PLBQZZ0ZHR_FIRST_NAME,true,14b51e775724154391d9564b40983930,batch_job,admin
LAST_NAME,"Li",TKN_01PLBQZZ0ZHR_LAST_NAME,true,8d59ee2ac74b5b718a192725f164a1b3,batch_job,admin
EMAIL,"Hu.Li@hotmail.com",TKN_01PLBQZZ0ZHR_EMAIL,true,fe9e9663fdeff68ac5a9dad404736282,batch_job,admin
MOBILE_NUMBER,"6330713435",TKN_01PLBQZZ0ZHR_MOBILE_NUMBER,true,27ac0ed4c5ec93706169c8ef2cd1a39e,batch_job,admin
DATE_OF_BIRTH,"1983-02-04",TKN_01PLBQZZ0ZHR_DATE_OF_BIRTH,true,f8e0a8c0c41df8f9e6547a2ce5f9dd57,batch_job,admin
ADDRESS,"66642 State Avenue, Pollyland, Vermont, 53559",TKN_01PLBQZZ0ZHR_ADDRESS,true,b69c7c2dd23c8a1807e139db79e630f5,batch_job,admin
CITY,"Jabalpur",TKN_01PLBQZZ0ZHR_CITY,true,138ca1cebe4c135508b79b2cc9007288,batch_job,admin
COUNTRY,"India",TKN_01PLBQZZ0ZHR_COUNTRY,true,499b5f99df58d70f7d17dc691a6eead8,batch_job,admin
PASSPORT_NUMBER,"B0306700",TKN_01PLBQZZ0ZHR_PASSPORT_NUMBER,true,7421679c12793d9fc13a3519d2d4fdcf,batch_job,admin
FIRST_NAME,"Sharon",TKN_EYDPEP33KGRD_FIRST_NAME,true,28e9543850a73701f6fd04bd7f2fa352,api,admin
LAST_NAME,"Wright",TKN_EYDPEP33KGRD_LAST_NAME,true,ee20c64d9ac8e5b141b6c445e64741cc,api,admin
EMAIL,"Sharon.Wright@yahoo.com",TKN_EYDPEP33KGRD_EMAIL,true,f6a66ae6dfa144da0277abe0443ba664,api,admin
MOBILE_NUMBER,"7107904860",TKN_EYDPEP33KGRD_MOBILE_NUMBER,true,b94584e8096d9af25a60baada5ff74c6,api,admin
DATE_OF_BIRTH,"1977-05-20",TKN_EYDPEP33KGRD_DATE_OF_BIRTH,true,0e85ed3554960ecdd6272bf31b3ae0a3,api,admin
ADDRESS,"215 Jacquelyn Crest, Ernserberg, Colorado, 16259-1259",TKN_EYDPEP33KGRD_ADDRESS,true,a81e21ab87c9d8c1a2ef5ff901a1bb0d,api,admin
CITY,"Vasai-Virar",TKN_EYDPEP33KGRD_CITY,true,2dcc782ccc12f20850fcbe1097fbc870,api,admin
COUNTRY,"India",TKN_EYDPEP33KGRD_COUNTRY,true,69ede5c305d0ef3756eacf9263e55b1d,api,admin
FIRST_NAME,"Arnav",TKN_NWTSTB0DMW79_FIRST_NAME,false,e2bb1d0bc8cc0d8968cb76b8c167373b,admin,user
LAST_NAME,"Vyas",TKN_NWTSTB0DMW79_LAST_NAME,false,427bb5a629cd6f382edd599b6b1ae4d8,admin,user
EMAIL,"Arnav_Vyas@yahoo.com",TKN_NWTSTB0DMW79_EMAIL,false,ea5beae21829d2972258a61f132a6d21,admin,user
MOBILE_NUMBER,"7036850382",TKN_NWTSTB0DMW79_MOBILE_NUMBER,false,02e74d936bfeb11701bd448f88e87c54,admin,user
DATE_OF_BIRTH,"1970-01-03",TKN_NWTSTB0DMW79_DATE_OF_BIRTH,false,d0f2bc5ceff4b4cacb6abac0f49d180c,admin,user
ADDRESS,"2614 Torrance Keys, Rancho Cordova, Utah, 78543-6688",TKN_NWTSTB0DMW79_ADDRESS,false,2487f2589da58878707553d7ced3b139,admin,user
CITY,"Gwalior",TKN_NWTSTB0DMW79_CITY,false,236b3ba2a10135a48e2aacf847b34a4a,admin,user
COUNTRY,"India",TKN_NWTSTB0DMW79_COUNTRY,false,abaa2bd31f721ab19fb74697ce90b69e,admin,user
FIRST_NAME,"Kavya",TKN_ULVU1PLPD76F_FIRST_NAME,false,b63162ff74af197178672c77b196871d,admin,api
LAST_NAME,"Lopez",TKN_ULVU1PLPD76F_LAST_NAME,false,f898c4dbe20f5fa00ebf03b49fc83472,admin,api
EMAIL,"Kavya_Lopez@hotmail.com",TKN_ULVU1PLPD76F_EMAIL,false,66b71c9f6bb107f49a6670503fa0e116,admin,api
MOBILE_NUMBER,"8764606770",TKN_ULVU1PLPD76F_MOBILE_NUMBER,false,24faaed5836ecdb866cce9bb08e29616,admin,api
DATE_OF_BIRTH,"2003-01-03",TKN_ULVU1PLPD76F_DATE_OF_BIRTH,false,92ff3b2a281cde578158b7cf2c35937e,admin,api
ADDRESS,"4029 Darius Skyway, Gunnerport, Wyoming, 05455",TKN_ULVU1PLPD76F_ADDRESS,false,d216d8dde0ca71aa7ca41f6545649d77,admin,api
CITY,"Surat",TKN_ULVU1PLPD76F_CITY,false,9b713a0893479d3ab7f4589bfe8cbd5a,admin,api
COUNTRY,"India",TKN_ULVU1PLPD76F_COUNTRY,false,05d31319c82ddbca64d1198c96a3347a,admin,api
FIRST_NAME,"Karan",TKN_0CCZZ250CXU6_FIRST_NAME,true,194f0863cc7407a2bb896dcb87ea72c9,admin,system
LAST_NAME,"Feng",TKN_0CCZZ250CXU6_LAST_NAME,true,05355f33e0a290f712676ad85904afb2,admin,system
EMAIL,"Karan_Feng@hotmail.com",TKN_0CCZZ250CXU6_EMAIL,true,8735251a9ef7be1f406d1522a9ec7ce0,admin,system
MOBILE_NUMBER,"7639915240",TKN_0CCZZ250CXU6_MOBILE_NUMBER,true,5e0277fc550ea68c092cf830de09dfdc,admin,system
DATE_OF_BIRTH,"1964-05-25",TKN_0CCZZ250CXU6_DATE_OF_BIRTH,true,f3efc1227f75541a4c32a821ffc796fa,admin,system
ADDRESS,"8858 Dannie Dam, Lake Darby, Wisconsin, 66214",TKN_0CCZZ250CXU6_ADDRESS,true,b3353028eb7a46b5300647dbafbf01c5,admin,system
CITY,"Ahmedabad",TKN_0CCZZ250CXU6_CITY,true,467540b1c64f45940e7f77e86f66ea56,admin,system
COUNTRY,"India",TKN_0CCZZ250CXU6_COUNTRY,true,e7a2674aab008f584914c1583826d18e,admin,system
MIDDLE_NAME,"Thomas",TKN_0CCZZ250CXU6_MIDDLE_NAME,true,4c9f888a10f7fb3cda28896c45a878a9,admin,system
FIRST_NAME,"Kenneth",TKN_ZK87J6DJAXHZ_FIRST_NAME,false,087b90546bb1d7d5927956da750e46ec,system,api
LAST_NAME,"Yoon",TKN_ZK87J6DJAXHZ_LAST_NAME,false,3039113824a31843156403dfa8bb37d8,system,api
EMAIL,"Kenneth.Yoon39@gmail.com",TKN_ZK87J6DJAXHZ_EMAIL,false,203a05a8d53c4a3f32ef873efe762764,system,api
MOBILE_NUMBER,"7603286138",TKN_ZK87J6DJAXHZ_MOBILE_NUMBER,false,28359384d950eab5b230038f8f6323e2,system,api
DATE_OF_BIRTH,"1995-01-21",TKN_ZK87J6DJAXHZ_DATE_OF_BIRTH,false,3a1a4de60f6dd902a6cde6a7f0eaf406,system,api
ADDRESS,"614 Johnston Ville, Philadelphia, Washington, 13934-6569",TKN_ZK87J6DJAXHZ_ADDRESS,false,212b9137938b5f951e362c2669b6bfa5,system,api
CITY,"Navi Mumbai",TKN_ZK87J6DJAXHZ_CITY,false,8b52c9c7252512cebb395b3af59b6467,system,api
COUNTRY,"India",TKN_ZK87J6DJAXHZ_COUNTRY,false,a6dbfe1cfbbef19253d420786ddbe593,system,api
PASSPORT_NUMBER,"Z4640502",TKN_ZK87J6DJAXHZ_PASSPORT_NUMBER,false,14ba811356ff1f3e7e3406502e12f2e2,system,api
FIRST_NAME,"David",TKN_S6UJWKG0PTPK_FIRST_NAME,true,42bc3deb6c32ca405c1d93f411e10282,system,api
LAST_NAME,"Singh",TKN_S6UJWKG0PTPK_LAST_NAME,true,4b6f2548b6a3a31ccfeae412ce84d0a4,system,api
EMAIL,"David_Singh@gmail.com",TKN_S6UJWKG0PTPK_EMAIL,true,c9e4bff9f6e0fd2ae5c095b1954d8c33,system,api
MOBILE_NUMBER,"9912152589",TKN_S6UJWKG0PTPK_MOBILE_NUMBER,true,32aaf133ffc9268a2e04a34c224f2ca4,system,api
DATE_OF_BIRTH,"1961-01-21",TKN_S6UJWKG0PTPK_DATE_OF_BIRTH,true,e65e7104f2c5f400f65849cdaba93b6c,system,api
ADDRESS,"4939 Bednar Motorway, Blairhaven, Maine, 77510",TKN_S6UJWKG0PTPK_ADDRESS,true,6dbe918e5a8b2482e516b4cb6abf3712,system,api
CITY,"Ahmedabad",TKN_S6UJWKG0PTPK_CITY,true,28c2a8a8b7488c02a31efdaec4db5328,system,api
COUNTRY,"India",TKN_S6UJWKG0PTPK_COUNTRY,true,49dd86376432da3007a6f4b125df887e,system,api
PAN_CARD,"PUCTS3437W",TKN_S6UJWKG0PTPK_PAN_CARD,true,b2721c2c43329292bfe5737b54df17ce,system,api
FIRST_NAME,"Lin",TKN_GEPH8KLPSGDN_FIRST_NAME,true,60d61815ab1f9b0da8ffc55cf01c62d1,admin,system
LAST_NAME,"Kong",TKN_GEPH8KLPSGDN_LAST_NAME,true,c705902e173ca8d7bba841ec0a37cb10,admin,system
EMAIL,"Lin_Kong93@yahoo.com",TKN_GEPH8KLPSGDN_EMAIL,true,113f3d6a94978194d86d12069936931a,admin,system
MOBILE_NUMBER,"9780903263",TKN_GEPH8KLPSGDN_MOBILE_NUMBER,true,262a9c05a2a27c18b7a01e52a4812c7d,admin,system
DATE_OF_BIRTH,"1985-11-28",TKN_GEPH8KLPSGDN_DATE_OF_BIRTH,true,8f4c156fa73f646db608feac8fd0ee9e,admin,system
ADDRESS,"5317 Wehner Course, Beaverton, Delaware, 54539",TKN_GEPH8KLPSGDN_ADDRESS,true,1862e19ce13c2eace85b75d8be3c04da,admin,system
CITY,"Faridabad",TKN_GEPH8KLPSGDN_CITY,true,35309cef734fa11e9246de2cddaf9a00,admin,system
COUNTRY,"India",TKN_GEPH8KLPSGDN_COUNTRY,true,2ecaf86d4ae03ef26274e7445cec1845,admin,system
PASSPORT_NUMBER,"U5677887",TKN_GEPH8KLPSGDN_PASSPORT_NUMBER,true,57384d708b41c5897c89b08971175732,admin,system
FIRST_NAME,"Brenda",TKN_SJ546UEK4UG1_FIRST_NAME,false,be78daa9835e49458b1549a2cba560df,batch_job,system
LAST_NAME,"Ma",TKN_SJ546UEK4UG1_LAST_NAME,false,fdba9df794542a33a5aafea3e1359404,batch_job,system
EMAIL,"Brenda_Ma@hotmail.com",TKN_SJ546UEK4UG1_EMAIL,false,879d6eb517471dc9a0723c6ea3b1a630,batch_job,system
MOBILE_NUMBER,"6831034486",TKN_SJ546UEK4UG1_MOBILE_NUMBER,false,993b5c4bd43a35c9ddb56aa64216500e,batch_job,system
DATE_OF_BIRTH,"1970-12-14",TKN_SJ546UEK4UG1_DATE_OF_BIRTH,false,ff9a587b0a4194d6a9a3a12e5898324c,batch_job,system
ADDRESS,"6898 White Fork, Greenwood, Maryland, 74419-5497",TKN_SJ546UEK4UG1_ADDRESS,false,ffc35c1b0fcbd4739e41fe755c4e8141,batch_job,system
CITY,"Thane",TKN_SJ546UEK4UG1_CITY,false,56d58eea663d1efaf1ccea7c3d9c83c6,batch_job,system
COUNTRY,"India",TKN_SJ546UEK4UG1_COUNTRY,false,ae493961619a6c410f8b4c2e0b8618e2,batch_job,system
FIRST_NAME,"Shanaya",TKN_907BJ8XLZ69J_FIRST_NAME,true,04169fe567316d904149d04ecb46faf6,batch_job,admin
LAST_NAME,"Nelson",TKN_907BJ8XLZ69J_LAST_NAME,true,ecc6d49eafefba6dd7c29285e15fde95,batch_job,admin
EMAIL,"Shanaya.Nelson@hotmail.com",TKN_907BJ8XLZ69J_EMAIL,true,6eb035aee13bb589d0c769fb37d09ac1,batch_job,admin
MOBILE_NUMBER,"6502711433",TKN_907BJ8XLZ69J_MOBILE_NUMBER,true,2cbbc8a2bedab6b56d78126d1e5dcf00,batch_job,admin
DATE_OF_BIRTH,"1986-08-05",TKN_907BJ8XLZ69J_DATE_OF_BIRTH,true,16839734d4391061a278ca213f00b53f,batch_job,admin
ADDRESS,"95241 Fahey Green, West Aric, Hawaii, 23972",TKN_907BJ8XLZ69J_ADDRESS,true,c46306dc8ba4ea7c9620c160f34b1dff,batch_job,admin
CITY,"Srinagar",TKN_907BJ8XLZ69J_CITY,true,0e52833f3d206b59bdcfef42c8d5216c,batch_job,admin
COUNTRY,"India",TKN_907BJ8XLZ69J_COUNTRY,true,fb5ec9100e3ce3edd57f4527676db75d,batch_job,admin
MIDDLE_NAME,"Jun",TKN_907BJ8XLZ69J_MIDDLE_NAME,true,1f987eb505fce3cfed775c27b7f0d69e,batch_job,admin
PAN_CARD,"JZJBK7778Y",TKN_907BJ8XLZ69J_PAN_CARD,true,c5f8e7a60db62e2ac270bc7f5906e91c,batch_job,admin
FIRST_NAME,"Chae-won",TKN_51U6DSJ77DYR_FIRST_NAME,false,35a988c5ad831e9671840fd22944b8a7,user,admin
LAST_NAME,"Taylor",TKN_51U6DSJ77DYR_LAST_NAME,false,1c43d8f1b18fa257a35cac767268122c,user,admin
EMAIL,"Chae-won_Taylor11@hotmail.com",TKN_51U6DSJ77DYR_EMAIL,false,1a3c878b3dfe68f34367d7b7492cc080,user,admin
MOBILE_NUMBER,"7930793199",TKN_51U6DSJ77DYR_MOBILE_NUMBER,false,af6a826b34dc51fd040c0e41e20c4df5,user,admin
DATE_OF_BIRTH,"2007-09-14",TKN_51U6DSJ77DYR_DATE_OF_BIRTH,false,b9cd7adeb691e0877cf5de62380e4ff2,user,admin
ADDRESS,"629 Adrain Mews, West Davonteland, Michigan, 83048",TKN_51U6DSJ77DYR_ADDRESS,false,deac5c8972bce5c36f816952929b1257,user,admin
CITY,"Hubli-Dharwad",TKN_51U6DSJ77DYR_CITY,false,d957ed1d106c7181fa014f7921ba294b,user,admin
COUNTRY,"India",TKN_51U6DSJ77DYR_COUNTRY,false,14501ddca5af608eaee3822345d613a4,user,admin
FIRST_NAME,"Wang",TKN_5UOT171XCWEZ_FIRST_NAME,true,cc1848a093db3c747842ab2fd303812a,batch_job,admin
LAST_NAME,"Singh",TKN_5UOT171XCWEZ_LAST_NAME,true,9f140813496ad53bc06d056a7f90a6c2,batch_job,admin
EMAIL,"Wang.Singh50@gmail.com",TKN_5UOT171XCWEZ_EMAIL,true,258b0ce6ebbe9d5f81a674d264384a70,batch_job,admin
MOBILE_NUMBER,"9170355474",TKN_5UOT171XCWEZ_MOBILE_NUMBER,true,6f5dc38e088d6727fcb11da5f9b2ef5f,batch_job,admin
DATE_OF_BIRTH,"1962-11-27",TKN_5UOT171XCWEZ_DATE_OF_BIRTH,true,cec844327c667dd4e764db024c8e4e54,batch_job,admin
ADDRESS,"65989 E Elm Street, Ottisstead, Mississippi, 57130-0511",TKN_5UOT171XCWEZ_ADDRESS,true,b401ebd1b589dbbb543c74c2474e6d78,batch_job,admin
CITY,"Meerut",TKN_5UOT171XCWEZ_CITY,true,43a1b151776e00640d8c58defa0dc739,batch_job,admin
COUNTRY,"India",TKN_5UOT171XCWEZ_COUNTRY,true,94fcaf61f9271813c5981a48873d8356,batch_job,admin
PAN_CARD,"LDUVO7782P",TKN_5UOT171XCWEZ_PAN_CARD,true,66aedf3f0f021fe54203e0f1f49bf682,batch_job,admin
FIRST_NAME,"Lu",TKN_7WRU1RBO74DF_FIRST_NAME,true,3074509481dbb1cd03310a36003e43d3,admin,batch_job
LAST_NAME,"Tan",TKN_7WRU1RBO74DF_LAST_NAME,true,ab9a5c8e9f5e2f6695b06f5d1179ee29,admin,batch_job
EMAIL,"Lu.Tan25@gmail.com",TKN_7WRU1RBO74DF_EMAIL,true,7cc656e74fc682e447647dca54931baa,admin,batch_job
MOBILE_NUMBER,"8189808043",TKN_7WRU1RBO74DF_MOBILE_NUMBER,true,851fd6af25c2c211f38fc2f6ff4d8f77,admin,batch_job
DATE_OF_BIRTH,"1995-09-22",TKN_7WRU1RBO74DF_DATE_OF_BIRTH,true,5698f167d4e0304e5cccbc0fcaacfece,admin,batch_job
ADDRESS,"27350 Howe Cape, Logan, South Dakota, 74228-0053",TKN_7WRU1RBO74DF_ADDRESS,true,f88548999062df7d2985c34988b0c0a1,admin,batch_job
CITY,"Hubli-Dharwad",TKN_7WRU1RBO74DF_CITY,true,03c14a54f76614bb5f45a29f8ce6951d,admin,batch_job
COUNTRY,"India",TKN_7WRU1RBO74DF_COUNTRY,true,a93500f3e9e823683bad5f10187c8ee4,admin,batch_job
FIRST_NAME,"Chen",TKN_XAYEO5CYLSWP_FIRST_NAME,false,f1941afe22f784165b5416e98d78dc24,admin,system
LAST_NAME,"Rao",TKN_XAYEO5CYLSWP_LAST_NAME,false,4b23634e662bedfcacba9d99471de479,admin,system
EMAIL,"Chen.Rao@gmail.com",TKN_XAYEO5CYLSWP_EMAIL,false,0e5bbd34fb1f585946286712d35b617f,admin,system
MOBILE_NUMBER,"6548843429",TKN_XAYEO5CYLSWP_MOBILE_NUMBER,false,401a5f8bda3f4a379bd1c80356c1377a,admin,system
DATE_OF_BIRTH,"1950-06-17",TKN_XAYEO5CYLSWP_DATE_OF_BIRTH,false,6e3cc79f3099f9c6a43b1c0a1868f624,admin,system
ADDRESS,"99159 Zboncak Haven, Mariannaboro, Georgia, 22922",TKN_XAYEO5CYLSWP_ADDRESS,false,e690f7ff69c7b7f80202bc3255db92ac,admin,system
CITY,"Coimbatore",TKN_XAYEO5CYLSWP_CITY,false,726e0b32706251440a0643b6efe8f82a,admin,system
COUNTRY,"India",TKN_XAYEO5CYLSWP_COUNTRY,false,5a2a10afae9719c7aa73657e30bd1870,admin,system
FIRST_NAME,"Feng",TKN_I3USLNH2T4D4_FIRST_NAME,true,f852516838ceb997bf4478a4e37cccd3,admin,batch_job
LAST_NAME,"Park",TKN_I3USLNH2T4D4_LAST_NAME,true,642fd653c1e14815f2991827b667ea4b,admin,batch_job
EMAIL,"Feng.Park@hotmail.com",TKN_I3USLNH2T4D4_EMAIL,true,ba1486cbed95100661cc304001316131,admin,batch_job
MOBILE_NUMBER,"6858520445",TKN_I3USLNH2T4D4_MOBILE_NUMBER,true,58e1a26ee07ac530b1366f4f867b5afa,admin,batch_job
DATE_OF_BIRTH,"1956-01-06",TKN_I3USLNH2T4D4_DATE_OF_BIRTH,true,731e33a5a1a0200f5f94c4e4ee5f154c,admin,batch_job
ADDRESS,"5418 Douglas Crescent, Sunrise Manor, New Mexico, 78433",TKN_I3USLNH2T4D4_ADDRESS,true,3b07f7cebca95c6ba03eb23b7a134161,admin,batch_job
CITY,"Hyderabad",TKN_I3USLNH2T4D4_CITY,true,41a21c73a6e5e37324f36c83bab9eb95,admin,batch_job
COUNTRY,"India",TKN_I3USLNH2T4D4_COUNTRY,true,a56c83bc591d47d96128a8141025be1a,admin,batch_job
FIRST_NAME,"Zara",TKN_E5UIO41XQRXN_FIRST_NAME,false,ea79069f6baa12689c2887ce339b633e,system,batch_job
LAST_NAME,"Xie",TKN_E5UIO41XQRXN_LAST_NAME,false,6d346a7082f982838f41f04349e729bf,system,batch_job
EMAIL,"Zara_Xie90@yahoo.com",TKN_E5UIO41XQRXN_EMAIL,false,8cd04b15a75c33a4f38411e27e2f2bb0,system,batch_job
MOBILE_NUMBER,"8139294552",TKN_E5UIO41XQRXN_MOBILE_NUMBER,false,4017524f0f8a4bd844a87f36d9bed0f7,system,batch_job
DATE_OF_BIRTH,"1981-12-23",TKN_E5UIO41XQRXN_DATE_OF_BIRTH,false,1b990b56e8026a8cbf052dd7a7694d44,system,batch_job
ADDRESS,"686 Franklin Road, South Eleonore, Connecticut, 79414",TKN_E5UIO41XQRXN_ADDRESS,false,5805d480df9d0dd8f204eae8d09f2671,system,batch_job
CITY,"Varanasi",TKN_E5UIO41XQRXN_CITY,false,6067ac6e93db9e4e6dad22ce26c0b20f,system,batch_job
COUNTRY,"India",TKN_E5UIO41XQRXN_COUNTRY,false,0568b2e9cbe24e00de81ec31f3f25771,system,batch_job
FIRST_NAME,"Ananya",TKN_XKPKSH7IZCU6_FIRST_NAME,false,b72d06e4413ddd847667bbc7e10a79c3,batch_job,api
LAST_NAME,"Zhou",TKN_XKPKSH7IZCU6_LAST_NAME,false,d3751f9a883f6739a22d3f065db9ffe0,batch_job,api
EMAIL,"Ananya_Zhou22@yahoo.com",TKN_XKPKSH7IZCU6_EMAIL,false,a88e199a02bdab98d7c81bed27f46090,batch_job,api
MOBILE_NUMBER,"9965053569",TKN_XKPKSH7IZCU6_MOBILE_NUMBER,false,b0bffe2c209fb2825404410843248c0d,batch_job,api
DATE_OF_BIRTH,"1980-09-04",TKN_XKPKSH7IZCU6_DATE_OF_BIRTH,false,957e0c9092f2e0e27303f84f382b5635,batch_job,api
ADDRESS,"841 Murazik Corners, North Thadport, Connecticut, 22538",TKN_XKPKSH7IZCU6_ADDRESS,false,58b9d98ee159c961c8fe25713a81b547,batch_job,api
CITY,"Vasai-Virar",TKN_XKPKSH7IZCU6_CITY,false,9029a5f87303f5806424ea306f3e9d0f,batch_job,api
COUNTRY,"India",TKN_XKPKSH7IZCU6_COUNTRY,false,b2ea2d98d5fa1a47c44cd569f9e16ced,batch_job,api
MIDDLE_NAME,"Shankar",TKN_XKPKSH7IZCU6_MIDDLE_NAME,false,1696866215306db10a72813642478c29,batch_job,api
FIRST_NAME,"Aarvi",TKN_8XTNKQEVQV1J_FIRST_NAME,true,940734e3b1bf3d97df1ff1e85a858c72,batch_job,system
LAST_NAME,"Thomas",TKN_8XTNKQEVQV1J_LAST_NAME,true,e784ca7dd1740f7738e6916f06f936a5,batch_job,system
EMAIL,"Aarvi_Thomas91@yahoo.com",TKN_8XTNKQEVQV1J_EMAIL,true,3794844ec04c920759da3958e55649da,batch_job,system
MOBILE_NUMBER,"8044506060",TKN_8XTNKQEVQV1J_MOBILE_NUMBER,true,56275fa61a29bed8bbc3b4a5608d494e,batch_job,system
DATE_OF_BIRTH,"1971-11-11",TKN_8XTNKQEVQV1J_DATE_OF_BIRTH,true,ddfa2206ce7902d6cd6cd2bc11547371,batch_job,system
ADDRESS,"5604 Steuber Haven, Moore, Iowa, 27230-4172",TKN_8XTNKQEVQV1J_ADDRESS,true,3abd4567de0b462c874a5f66143c1dd8,batch_job,system
CITY,"Kalyan-Dombivali",TKN_8XTNKQEVQV1J_CITY,true,bb0438def700d2fd2d47c164eb8ce65c,batch_job,system
COUNTRY,"India",TKN_8XTNKQEVQV1J_COUNTRY,true,651cfbbfb1c83c3bddbb96f5a8f00314,batch_job,system
PAN_CARD,"IJPDC3621N",TKN_8XTNKQEVQV1J_PAN_CARD,true,87ca4fd85e2baf61c7923f138c7d8331,batch_job,system
FIRST_NAME,"Sunil",TKN_FSUBZO4X0VVG_FIRST_NAME,false,37abdd3b340f978852ed03229a9367ce,user,system
LAST_NAME,"Varma",TKN_FSUBZO4X0VVG_LAST_NAME,false,b8db107ca987940abe53bd0eb7e11edd,user,system
EMAIL,"Sunil.Varma@hotmail.com",TKN_FSUBZO4X0VVG_EMAIL,false,c2fe976e551afc87b00c626ab50251f6,user,system
MOBILE_NUMBER,"8904285302",TKN_FSUBZO4X0VVG_MOBILE_NUMBER,false,5af4318f1da1719f3e61bbb551396523,user,system
DATE_OF_BIRTH,"2000-04-16",TKN_FSUBZO4X0VVG_DATE_OF_BIRTH,false,61b1a0532e59fc5b03a96c29512f269b,user,system
ADDRESS,"423 Ortiz Island, Kleinboro, Florida, 83375-7760",TKN_FSUBZO4X0VVG_ADDRESS,false,5467fb6eb01c898822e0fa60a65ba890,user,system
CITY,"Jaipur",TKN_FSUBZO4X0VVG_CITY,false,07d6711b991db47fdc808d7d88bca11b,user,system
COUNTRY,"India",TKN_FSUBZO4X0VVG_COUNTRY,false,e7a74f86e74abab617a857592453c453,user,system
MIDDLE_NAME,"David",TKN_FSUBZO4X0VVG_MIDDLE_NAME,false,f910d714b5ea8b29e624c7dbe174ae0d,user,system
PAN_CARD,"AQUSK3888Q",TKN_FSUBZO4X0VVG_PAN_CARD,false,7bf8f0924d539852d7789bd916044068,user,system
FIRST_NAME,"Lisa",TKN_TQ8O1JS3R1BI_FIRST_NAME,false,07621d324bbdaaee9eb3a2f94b4eae5c,system,user
LAST_NAME,"Thomas",TKN_TQ8O1JS3R1BI_LAST_NAME,false,154e3185e2c35a4476868478aa1fe836,system,user
EMAIL,"Lisa_Thomas@gmail.com",TKN_TQ8O1JS3R1BI_EMAIL,false,df3905ac4f7e0667746fe3332c198fb8,system,user
MOBILE_NUMBER,"8204655429",TKN_TQ8O1JS3R1BI_MOBILE_NUMBER,false,aeef74d15b1b7d7c43e06c03e2170a61,system,user
DATE_OF_BIRTH,"1997-11-09",TKN_TQ8O1JS3R1BI_DATE_OF_BIRTH,false,068702c016a29af0b3a7b9b38a6c46b2,system,user
ADDRESS,"357 Raegan Fords, Port Siennaborough, Georgia, 16455-0624",TKN_TQ8O1JS3R1BI_ADDRESS,false,e6476bcf229556e78579ca1180511381,system,user
CITY,"Gwalior",TKN_TQ8O1JS3R1BI_CITY,false,b4adc9cbd1f76eb07825df0fe1a37155,system,user
COUNTRY,"India",TKN_TQ8O1JS3R1BI_COUNTRY,false,470a57d10ca5776436131a8e9ed48a2d,system,user
MIDDLE_NAME,"Mohan",TKN_TQ8O1JS3R1BI_MIDDLE_NAME,false,0d4d69611d483c26819535e8d31171c0,system,user
FIRST_NAME,"Zhu",TKN_2L5ZJBNLIR1G_FIRST_NAME,false,2d3e6e224b3052cd7ad6e813ce183e52,admin,api
LAST_NAME,"Wang",TKN_2L5ZJBNLIR1G_LAST_NAME,false,59bf86513b0f049784c58a0a77deff53,admin,api
EMAIL,"Zhu.Wang@hotmail.com",TKN_2L5ZJBNLIR1G_EMAIL,false,d6b8a9d5157095267eec40c55b6fca79,admin,api
MOBILE_NUMBER,"8939926516",TKN_2L5ZJBNLIR1G_MOBILE_NUMBER,false,9b3936cd39b3f0d089ba921c0baefeea,admin,api
DATE_OF_BIRTH,"1963-10-02",TKN_2L5ZJBNLIR1G_DATE_OF_BIRTH,false,04a569d1b5236c12f8bfccacd3f4f36a,admin,api
ADDRESS,"652 Lavern Overpass, Yuba City, Illinois, 79573",TKN_2L5ZJBNLIR1G_ADDRESS,false,14f47ea1e6b47f73af53619b66a1e243,admin,api
CITY,"Nagpur",TKN_2L5ZJBNLIR1G_CITY,false,8a3243b435829f59dfc67a1f1d329f26,admin,api
COUNTRY,"India",TKN_2L5ZJBNLIR1G_COUNTRY,false,bdd6bd842109fed63e0bb490f8329728,admin,api
PAN_CARD,"FWEQX1621R",TKN_2L5ZJBNLIR1G_PAN_CARD,false,8dd5e4e64c03fbd5307d24cb8d878a09,admin,api
FIRST_NAME,"Xu",TKN_3X19ZWNWN4ZL_FIRST_NAME,true,df3d564205cd80c7778d29de96797f12,system,user
LAST_NAME,"White",TKN_3X19ZWNWN4ZL_LAST_NAME,true,4eadc81f1e514ad9602db5c506c3499f,system,user
EMAIL,"Xu.White8@yahoo.com",TKN_3X19ZWNWN4ZL_EMAIL,true,d66081da2fbc6f43ddb6b7eb004beab3,system,user
MOBILE_NUMBER,"6735995854",TKN_3X19ZWNWN4ZL_MOBILE_NUMBER,true,08631c2529306b805e0192491c6fda1b,system,user
DATE_OF_BIRTH,"1974-03-14",TKN_3X19ZWNWN4ZL_DATE_OF_BIRTH,true,5efc7cb5783b791d1645a8ca8d751d6e,system,user
ADDRESS,"5625 Pfeffer Mill, North Lafayetteshire, Connecticut, 80360",TKN_3X19ZWNWN4ZL_ADDRESS,true,b1efe95c501cd0ba4507034b9b46561d,system,user
CITY,"Dhanbad",TKN_3X19ZWNWN4ZL_CITY,true,6e9fb519aff030e5f2417a891ea9262b,system,user
COUNTRY,"India",TKN_3X19ZWNWN4ZL_COUNTRY,true,81adebb8ca901d653675ae5b1622d4c6,system,user
PAN_CARD,"IWLVJ1926N",TKN_3X19ZWNWN4ZL_PAN_CARD,true,5d032ad7f2e3f0ed2f0177276b57cd2c,system,user
PASSPORT_NUMBER,"W0250131",TKN_3X19ZWNWN4ZL_PASSPORT_NUMBER,true,714cde4a7b45b7374dd1aa34b4bb209e,system,user
FIRST_NAME,"Richard",TKN_5MPD3D0ASV1D_FIRST_NAME,false,6b426c4acc4a369aa444fbc64d050b3f,user,api
LAST_NAME,"Das",TKN_5MPD3D0ASV1D_LAST_NAME,false,3d82a5d63c907825e176e46ef59bfc13,user,api
EMAIL,"Richard_Das@yahoo.com",TKN_5MPD3D0ASV1D_EMAIL,false,37bbd35aa068783a27b1962dc6b0737f,user,api
MOBILE_NUMBER,"9183195460",TKN_5MPD3D0ASV1D_MOBILE_NUMBER,false,df6774465a4247599026e642b93ad65e,user,api
DATE_OF_BIRTH,"1948-06-22",TKN_5MPD3D0ASV1D_DATE_OF_BIRTH,false,c2b5a0c17fbe1564aa15efd3f7c40398,user,api
ADDRESS,"74779 High Road, Port Isobelville, Arkansas, 68230-1490",TKN_5MPD3D0ASV1D_ADDRESS,false,60ad6320c65d487d1aeec6b054cb43b4,user,api
CITY,"Gwalior",TKN_5MPD3D0ASV1D_CITY,false,28f6086e5066f87949bdb0c6547995e8,user,api
COUNTRY,"India",TKN_5MPD3D0ASV1D_COUNTRY,false,3746c0968ce8dce77754164f9291e16b,user,api
MIDDLE_NAME,"Ming",TKN_5MPD3D0ASV1D_MIDDLE_NAME,false,6f0ebe3fc4fb9674737f832a3a01f861,user,api
FIRST_NAME,"Du",TKN_A6PKHJGAFTLO_FIRST_NAME,false,1010e0a9f61efdc6c5eba92941e8828c,api,admin
LAST_NAME,"Yadav",TKN_A6PKHJGAFTLO_LAST_NAME,false,7025001d493c915e8f6a5f5133183898,api,admin
EMAIL,"Du.Yadav72@yahoo.com",TKN_A6PKHJGAFTLO_EMAIL,false,f6c908aa3e55bf0279068c0bdae3b497,api,admin
MOBILE_NUMBER,"8361546329",TKN_A6PKHJGAFTLO_MOBILE_NUMBER,false,a5586e1b5d1cd1a939702e9e003b19a5,api,admin
DATE_OF_BIRTH,"1977-05-16",TKN_A6PKHJGAFTLO_DATE_OF_BIRTH,false,44807a86576e3365c4840dc95ae0dbf3,api,admin
ADDRESS,"514 Josefa Roads, Pfannerstillville, Indiana, 51630-6504",TKN_A6PKHJGAFTLO_ADDRESS,false,65e2f44be731d069a17f177b70bc935c,api,admin
CITY,"Kolkata",TKN_A6PKHJGAFTLO_CITY,false,7e9b96c76615c90aa0f29cf32dfed8c8,api,admin
COUNTRY,"India",TKN_A6PKHJGAFTLO_COUNTRY,false,04c3c3eedfa98c4c6b7890c8968b69e6,api,admin
MIDDLE_NAME,"Chand",TKN_A6PKHJGAFTLO_MIDDLE_NAME,false,1bef5d182d49399f283584a32197f3e3,api,admin
FIRST_NAME,"Kashish",TKN_AKGRJOXHQTEO_FIRST_NAME,false,bfef309d6187dfe9a8177974c650a1c3,api,api
LAST_NAME,"Baker",TKN_AKGRJOXHQTEO_LAST_NAME,false,a3751eff608652fd06351e8f941a3e42,api,api
EMAIL,"Kashish.Baker77@gmail.com",TKN_AKGRJOXHQTEO_EMAIL,false,00d214ed7770147cd86131ba36f8a310,api,api
MOBILE_NUMBER,"7306079668",TKN_AKGRJOXHQTEO_MOBILE_NUMBER,false,54077fb956ceb3b28cbde9a0e99ff044,api,api
DATE_OF_BIRTH,"2007-09-09",TKN_AKGRJOXHQTEO_DATE_OF_BIRTH,false,c1f78e855e4baabdaa45211254dba3d9,api,api
ADDRESS,"27577 Kayley Gardens, Indianapolis, Ohio, 14196",TKN_AKGRJOXHQTEO_ADDRESS,false,ffec25ea266f0a3dc93c4f43ba2dcd17,api,api
CITY,"Ludhiana",TKN_AKGRJOXHQTEO_CITY,false,c9b96411796d3f450cdd5583c6ff0ae8,api,api
COUNTRY,"India",TKN_AKGRJOXHQTEO_COUNTRY,false,e47ddfaef7f01dd282fe67f5a165ae52,api,api
PAN_CARD,"FZGCE9266E",TKN_AKGRJOXHQTEO_PAN_CARD,false,85866598b1a8d54dbf5250516c2be007,api,api
FIRST_NAME,"John",TKN_7SM1HY9RKJDW_FIRST_NAME,false,0c3ed566bf50bcd15add7e821a3a37e4,batch_job,user
LAST_NAME,"Lee",TKN_7SM1HY9RKJDW_LAST_NAME,false,5bcd8e8b143c5beae5eb94cef2c02fe1,batch_job,user
EMAIL,"John.Lee@gmail.com",TKN_7SM1HY9RKJDW_EMAIL,false,c172dc00f963bdce26819309e1ab2e87,batch_job,user
MOBILE_NUMBER,"8656058227",TKN_7SM1HY9RKJDW_MOBILE_NUMBER,false,1d1570e019ecb7a2370377bc52c71cc9,batch_job,user
DATE_OF_BIRTH,"1989-10-26",TKN_7SM1HY9RKJDW_DATE_OF_BIRTH,false,dd0f65d800db8effda37d86bf9fac470,batch_job,user
ADDRESS,"1977 Kirlin Pines, East Lolitachester, New Hampshire, 56861-5747",TKN_7SM1HY9RKJDW_ADDRESS,false,4172108deeb77f0306a0ea8052d5bc0d,batch_job,user
CITY,"Rajkot",TKN_7SM1HY9RKJDW_CITY,false,3d00fa1d4c5f1f317f769138696c1740,batch_job,user
COUNTRY,"India",TKN_7SM1HY9RKJDW_COUNTRY,false,95c0e21e7a124046f55c0b147980f4ff,batch_job,user
FIRST_NAME,"Zhu",TKN_ID4L913EBHAX_FIRST_NAME,false,0d1f5fa34e72876e5425035a93e8aba6,api,batch_job
LAST_NAME,"Wright",TKN_ID4L913EBHAX_LAST_NAME,false,f8c9e8abb127f0df8a8a247dcb4a44f6,api,batch_job
EMAIL,"Zhu.Wright35@yahoo.com",TKN_ID4L913EBHAX_EMAIL,false,d491ee8b29c84e2fa6e563e4a8239451,api,batch_job
MOBILE_NUMBER,"9782476805",TKN_ID4L913EBHAX_MOBILE_NUMBER,false,b11334b861dedb9f27590c383c3411f6,api,batch_job
DATE_OF_BIRTH,"1997-05-04",TKN_ID4L913EBHAX_DATE_OF_BIRTH,false,8a35a42e894e70d0afdc1c1015378f49,api,batch_job
ADDRESS,"3156 S Union Street, New Leatha, Massachusetts, 39085-1013",TKN_ID4L913EBHAX_ADDRESS,false,b75ddb5df1fa54fadf58243dde64617c,api,batch_job
CITY,"Ludhiana",TKN_ID4L913EBHAX_CITY,false,9609f69105a6fe75ca48abb9c71c2dca,api,batch_job
COUNTRY,"India",TKN_ID4L913EBHAX_COUNTRY,false,d4bffc00d634c59cbd21b1d018eb3a57,api,batch_job
FIRST_NAME,"Varun",TKN_5ACG17NH2UNW_FIRST_NAME,false,6ab08deabc518eba2b28aa2dff6a7281,system,batch_job
LAST_NAME,"Tanaka",TKN_5ACG17NH2UNW_LAST_NAME,false,1508c56986fca19e43cbe0f07805bf91,system,batch_job
EMAIL,"Varun.Tanaka@hotmail.com",TKN_5ACG17NH2UNW_EMAIL,false,34de51973ef21fe01855840bb80312e3,system,batch_job
MOBILE_NUMBER,"8103195438",TKN_5ACG17NH2UNW_MOBILE_NUMBER,false,43f9cb7c9f8fee87ef2d74de0add8069,system,batch_job
DATE_OF_BIRTH,"1973-11-17",TKN_5ACG17NH2UNW_DATE_OF_BIRTH,false,5644c2af674a692b2c411a55e05148ab,system,batch_job
ADDRESS,"341 6th Street, Bergnaumborough, Tennessee, 26872",TKN_5ACG17NH2UNW_ADDRESS,false,174d870fe5074b02225152854212814c,system,batch_job
CITY,"Rajkot",TKN_5ACG17NH2UNW_CITY,false,a9d6f1be663dc4f4db6b6487c62513cb,system,batch_job
COUNTRY,"India",TKN_5ACG17NH2UNW_COUNTRY,false,2dd4f67da9387da2d8a9842b8afb3924,system,batch_job
PASSPORT_NUMBER,"O9962007",TKN_5ACG17NH2UNW_PASSPORT_NUMBER,false,2bd710b47f0111179b224062bf965ee2,system,batch_job
FIRST_NAME,"Mira",TKN_OOFUPTZ8ENFH_FIRST_NAME,true,ff6b29e93bb62e1fbf6716de157191e2,batch_job,batch_job
LAST_NAME,"Ito",TKN_OOFUPTZ8ENFH_LAST_NAME,true,d7bc1ce943a3c8c85d0958f18712c101,batch_job,batch_job
EMAIL,"Mira_Ito73@hotmail.com",TKN_OOFUPTZ8ENFH_EMAIL,true,2ed155b765cced6a23f7325d3de6e6c2,batch_job,batch_job
MOBILE_NUMBER,"7052716408",TKN_OOFUPTZ8ENFH_MOBILE_NUMBER,true,57dab3de1e7e6a3aaa236a3eca8af6d7,batch_job,batch_job
DATE_OF_BIRTH,"2005-01-16",TKN_OOFUPTZ8ENFH_DATE_OF_BIRTH,true,e541de6baaf719f78520d429487149fd,batch_job,batch_job
ADDRESS,"164 Nitzsche Path, Effertzberg, Arkansas, 97574-0470",TKN_OOFUPTZ8ENFH_ADDRESS,true,40b81a651e7d39e48c804752ac1612ca,batch_job,batch_job
CITY,"Howrah",TKN_OOFUPTZ8ENFH_CITY,true,e09484a5209ca2825ba9e28285b1cbc5,batch_job,batch_job
COUNTRY,"India",TKN_OOFUPTZ8ENFH_COUNTRY,true,2f6cb298e7106cb062651cb272f78c22,batch_job,batch_job
MIDDLE_NAME,"David",TKN_OOFUPTZ8ENFH_MIDDLE_NAME,true,d15fdf268fd4bdfabd4b9aee6a77aa6a,batch_job,batch_job
PAN_CARD,"MQNDW1541Z",TKN_OOFUPTZ8ENFH_PAN_CARD,true,8d098c042f3d17d9d13b47a15d49d834,batch_job,batch_job
PASSPORT_NUMBER,"F1934562",TKN_OOFUPTZ8ENFH_PASSPORT_NUMBER,true,33d65c24495af854a184557327b1e021,batch_job,batch_job
FIRST_NAME,"Barbara",TKN_VZB7OGNQ1T5V_FIRST_NAME,true,49cf694083c77801b874e4917bfe7933,api,api
LAST_NAME,"Sethi",TKN_VZB7OGNQ1T5V_LAST_NAME,true,e59757b34ec00dcab9d06a1ae5612d10,api,api
EMAIL,"Barbara.Sethi@yahoo.com",TKN_VZB7OGNQ1T5V_EMAIL,true,a0096d0db528a800ae16f6f23c268caa,api,api
MOBILE_NUMBER,"6743012700",TKN_VZB7OGNQ1T5V_MOBILE_NUMBER,true,2938220b1d64f64226e3ee8dc1f5f3b8,api,api
DATE_OF_BIRTH,"1971-01-18",TKN_VZB7OGNQ1T5V_DATE_OF_BIRTH,true,166a6e7708816b6adf0252bb3f7a976e,api,api
ADDRESS,"4331 Noemy Plains, Lakeland, Mississippi, 29665",TKN_VZB7OGNQ1T5V_ADDRESS,true,6134647c924eddcfd8a66744ac4cb216,api,api
CITY,"Hyderabad",TKN_VZB7OGNQ1T5V_CITY,true,e0662ce60be0a854a07d6bb05bf81944,api,api
COUNTRY,"India",TKN_VZB7OGNQ1T5V_COUNTRY,true,5e19c157be647428f0af4f79e37d0176,api,api
FIRST_NAME,"Seo-yeon",TKN_OUZHQI0ZJ8M3_FIRST_NAME,true,53281e3682d7abaea4f4b7038874f9b5,system,system
LAST_NAME,"Watanabe",TKN_OUZHQI0ZJ8M3_LAST_NAME,true,1917189568bb61514afe48ce352ad446,system,system
EMAIL,"Seo-yeon.Watanabe@hotmail.com",TKN_OUZHQI0ZJ8M3_EMAIL,true,b1ede7c8f675e50b195cb7a95543cccf,system,system
MOBILE_NUMBER,"9789315143",TKN_OUZHQI0ZJ8M3_MOBILE_NUMBER,true,b0c848bd7a19e67988fbc2249cafc1c1,system,system
DATE_OF_BIRTH,"1967-04-03",TKN_OUZHQI0ZJ8M3_DATE_OF_BIRTH,true,8c03d11fccc493269c2d36696fb4e596,system,system
ADDRESS,"65117 Miller Lock, Tampa, North Carolina, 37129-7579",TKN_OUZHQI0ZJ8M3_ADDRESS,true,fbd3dfa8d6a633f7d0cda11b1677613e,system,system
CITY,"Kolkata",TKN_OUZHQI0ZJ8M3_CITY,true,d45fd92963868b2cef98956f50a090f1,system,system
COUNTRY,"India",TKN_OUZHQI0ZJ8M3_COUNTRY,true,79f72e4e9d563e7aa6a6ab9f2b0ef80d,system,system
FIRST_NAME,"Seo-yeon",TKN_WH513IKGKR1C_FIRST_NAME,true,286ffe3a16c3ac87baf9c623bee430f3,admin,user
LAST_NAME,"Chandra",TKN_WH513IKGKR1C_LAST_NAME,true,d4e7ff2b91152bbe1dbe5d8abc4d3ad1,admin,user
EMAIL,"Seo-yeon.Chandra80@hotmail.com",TKN_WH513IKGKR1C_EMAIL,true,e17bfd4d6ab6232144c958c5cb7bbe94,admin,user
MOBILE_NUMBER,"8077967066",TKN_WH513IKGKR1C_MOBILE_NUMBER,true,be69dc18fc438bc85ae14b2cfe6c1779,admin,user
DATE_OF_BIRTH,"1994-04-21",TKN_WH513IKGKR1C_DATE_OF_BIRTH,true,9e013cc2309566e68377baf91541d97c,admin,user
ADDRESS,"830 E Bridge Street, Minot, Oklahoma, 26764",TKN_WH513IKGKR1C_ADDRESS,true,d88436a4fe1534ff41dca9fb14b687e4,admin,user
CITY,"Ranchi",TKN_WH513IKGKR1C_CITY,true,799a3f36871f1fb1512b10f3fc0a2cbb,admin,user
COUNTRY,"India",TKN_WH513IKGKR1C_COUNTRY,true,da16437608fc0c4c5a33282d123b90a8,admin,user
MIDDLE_NAME,"Christopher",TKN_WH513IKGKR1C_MIDDLE_NAME,true,2a3b404d721d0028c249ecdf68b109f9,admin,user
FIRST_NAME,"Varun",TKN_K4VY6ENU9Y6L_FIRST_NAME,false,74d2f76407bdacec5c17a3b30046b070,system,admin
LAST_NAME,"Saxena",TKN_K4VY6ENU9Y6L_LAST_NAME,false,789e0aa519ed96632a19357755883d2f,system,admin
EMAIL,"Varun.Saxena66@gmail.com",TKN_K4VY6ENU9Y6L_EMAIL,false,cf92708d2fc2ab1d51f1ba89fb9ebef7,system,admin
MOBILE_NUMBER,"7183912679",TKN_K4VY6ENU9Y6L_MOBILE_NUMBER,false,20cc5b9b05ab2adfa3169f0b858e391d,system,admin
DATE_OF_BIRTH,"1976-09-20",TKN_K4VY6ENU9Y6L_DATE_OF_BIRTH,false,da3489a9db602bae5f1735948624bce9,system,admin
ADDRESS,"4132 Wilma Light, Worcester, New York, 45557",TKN_K4VY6ENU9Y6L_ADDRESS,false,4a19b1f1afe86da9a584c175c83b2053,system,admin
CITY,"Guwahati",TKN_K4VY6ENU9Y6L_CITY,false,d5b5eced135f4f05ee2872148d49ea3d,system,admin
COUNTRY,"India",TKN_K4VY6ENU9Y6L_COUNTRY,false,1d924c2829632ef06e8090467822ec13,system,admin
PAN_CARD,"XGHKO3715J",TKN_K4VY6ENU9Y6L_PAN_CARD,false,9d0d518dc1522a99a687f5d7d7345700,system,admin
FIRST_NAME,"Xiao",TKN_TVAB34WDX4R7_FIRST_NAME,false,5684d23a5509f72a7c67bd5c6ec77dd7,system,user
LAST_NAME,"Yoon",TKN_TVAB34WDX4R7_LAST_NAME,false,9960964fa149d745800992131c5e8a81,system,user
EMAIL,"Xiao.Yoon41@hotmail.com",TKN_TVAB34WDX4R7_EMAIL,false,fa2f1ac58e8f4582cfd392950f5410dc,system,user
MOBILE_NUMBER,"6532837097",TKN_TVAB34WDX4R7_MOBILE_NUMBER,false,8e4db33a8605a3c929c4fa92875f2f36,system,user
DATE_OF_BIRTH,"1985-08-07",TKN_TVAB34WDX4R7_DATE_OF_BIRTH,false,b4047b40443e02536a72261885b2501a,system,user
ADDRESS,"59056 Heath Road, New Alexyschester, Idaho, 04163",TKN_TVAB34WDX4R7_ADDRESS,false,b7360262c6918c461a493f93f830144f,system,user
CITY,"Chandigarh",TKN_TVAB34WDX4R7_CITY,false,9e111e5cd452aa905536a74d8e7f98c2,system,user
COUNTRY,"India",TKN_TVAB34WDX4R7_COUNTRY,false,51020e064f515dbc0ce837099b5d0ea0,system,user
MIDDLE_NAME,"Kumari",TKN_TVAB34WDX4R7_MIDDLE_NAME,false,f55f91e5aa7f49ff0c456c1f51974f60,system,user
PASSPORT_NUMBER,"Y9844346",TKN_TVAB34WDX4R7_PASSPORT_NUMBER,false,ebfa6fe06b55045c106d8e826b4d7417,system,user
FIRST_NAME,"Ishita",TKN_GGFH0ZJ2P6DS_FIRST_NAME,false,b025861a6857c645520b1162127c13c9,batch_job,batch_job
LAST_NAME,"Lim",TKN_GGFH0ZJ2P6DS_LAST_NAME,false,487b6f59609b13320c78ded0a9ccb0fa,batch_job,batch_job
EMAIL,"Ishita_Lim77@hotmail.com",TKN_GGFH0ZJ2P6DS_EMAIL,false,fad493535838610e10051008c6c8f8dc,batch_job,batch_job
MOBILE_NUMBER,"6935148863",TKN_GGFH0ZJ2P6DS_MOBILE_NUMBER,false,5c878abbece2f7d0f8fe3d7e55063ef2,batch_job,batch_job
DATE_OF_BIRTH,"1952-10-13",TKN_GGFH0ZJ2P6DS_DATE_OF_BIRTH,false,9a3e7a5e5b3d72a3f3ffc051f1273efa,batch_job,batch_job
ADDRESS,"9938 Prospect Place, Eliasstad, Tennessee, 47511",TKN_GGFH0ZJ2P6DS_ADDRESS,false,7c7c5cb98133d42fc62ac3aac7a4e160,batch_job,batch_job
CITY,"Indore",TKN_GGFH0ZJ2P6DS_CITY,false,d07d38a116ec785b737f04817f10ed0f,batch_job,batch_job
COUNTRY,"India",TKN_GGFH0ZJ2P6DS_COUNTRY,false,17a3d370440a132415befd492e4ec84c,batch_job,batch_job
FIRST_NAME,"Larry",TKN_SZSMH5XV9MFV_FIRST_NAME,false,380bc8899282757be4b40f9acb61ae29,admin,system
LAST_NAME,"Xie",TKN_SZSMH5XV9MFV_LAST_NAME,false,84413d2acdbbcb956c3a505329f66623,admin,system
EMAIL,"Larry_Xie80@hotmail.com",TKN_SZSMH5XV9MFV_EMAIL,false,122f449094d89384dda2b1abaf1aa8fd,admin,system
MOBILE_NUMBER,"7057702379",TKN_SZSMH5XV9MFV_MOBILE_NUMBER,false,f643dc4df1180395ae8568b041ba8525,admin,system
DATE_OF_BIRTH,"1953-01-07",TKN_SZSMH5XV9MFV_DATE_OF_BIRTH,false,2b5919c69a97f4e19e15140adcf18edc,admin,system
ADDRESS,"42050 Alejandrin Extensions, New Adanland, Georgia, 04484",TKN_SZSMH5XV9MFV_ADDRESS,false,bdefadd218d399070e096053c268e044,admin,system
CITY,"Guwahati",TKN_SZSMH5XV9MFV_CITY,false,cb962c72997be24184432e51c5f32c90,admin,system
COUNTRY,"India",TKN_SZSMH5XV9MFV_COUNTRY,false,67c16c15a7cff3fd93fe885b9c8a6201,admin,system
FIRST_NAME,"Su-bin",TKN_OI53ZZB9ZMCR_FIRST_NAME,false,44b6618b9a3d0e11776590273d7399b1,user,user
LAST_NAME,"Deng",TKN_OI53ZZB9ZMCR_LAST_NAME,false,136c98f1a4449870e2d573690ac98cd6,user,user
EMAIL,"Su-bin.Deng12@gmail.com",TKN_OI53ZZB9ZMCR_EMAIL,false,a07917eb99810d6aaf5b2ddfe1908744,user,user
MOBILE_NUMBER,"9582099096",TKN_OI53ZZB9ZMCR_MOBILE_NUMBER,false,fc206f8bfc87e662dc434395372652a6,user,user
DATE_OF_BIRTH,"1952-09-06",TKN_OI53ZZB9ZMCR_DATE_OF_BIRTH,false,6091678209ce76c7bbd2e73d6c4deb60,user,user
ADDRESS,"681 Davis Street, Port Adalinestad, Colorado, 75447-4142",TKN_OI53ZZB9ZMCR_ADDRESS,false,a9428998c59efb4b331f96a5b2f86677,user,user
CITY,"Rajkot",TKN_OI53ZZB9ZMCR_CITY,false,dc18f70fc4db3022cba582cf196cb4bd,user,user
COUNTRY,"India",TKN_OI53ZZB9ZMCR_COUNTRY,false,53cac85ec3ded7526b501749b5d987cb,user,user
PASSPORT_NUMBER,"Q7010750",TKN_OI53ZZB9ZMCR_PASSPORT_NUMBER,false,0666352a30696833a3cd6540a8078ea6,user,user
FIRST_NAME,"Karen",TKN_T237Y6XXH0YH_FIRST_NAME,false,55e3caa17853b80be61e0172bbe52634,user,batch_job
LAST_NAME,"Lee",TKN_T237Y6XXH0YH_LAST_NAME,false,0e2d57a0f5038d238ae2a6929cd9139a,user,batch_job
EMAIL,"Karen_Lee98@gmail.com",TKN_T237Y6XXH0YH_EMAIL,false,6b5b38bcdffd4e5187b502de7aa8fa22,user,batch_job
MOBILE_NUMBER,"9562827626",TKN_T237Y6XXH0YH_MOBILE_NUMBER,false,87a2ea0172db936898b9553e273781dd,user,batch_job
DATE_OF_BIRTH,"1966-01-12",TKN_T237Y6XXH0YH_DATE_OF_BIRTH,false,9d550805f54c8c2aab4cd5ce265b4078,user,batch_job
ADDRESS,"8463 Yvonne Junctions, Bergstromfield, Nebraska, 55811-5852",TKN_T237Y6XXH0YH_ADDRESS,false,a1c0552c83102b77e6621f2f265a128e,user,batch_job
CITY,"Coimbatore",TKN_T237Y6XXH0YH_CITY,false,c83826f09479039738940a9fc87b02f0,user,batch_job
COUNTRY,"India",TKN_T237Y6XXH0YH_COUNTRY,false,0ac058ff73533f360612aa7a53df3c2a,user,batch_job
FIRST_NAME,"Aarav",TKN_W485JQQQ8SQU_FIRST_NAME,true,d17785296d4d9f9d18079332fbcc2c25,admin,batch_job
LAST_NAME,"Scott",TKN_W485JQQQ8SQU_LAST_NAME,true,40ca3bbaff16beb4c9ad7117e9fe13b2,admin,batch_job
EMAIL,"Aarav_Scott@gmail.com",TKN_W485JQQQ8SQU_EMAIL,true,7fb8b2fd582e0d8302222c3cc4c1ac15,admin,batch_job
MOBILE_NUMBER,"9715403880",TKN_W485JQQQ8SQU_MOBILE_NUMBER,true,221b0a637066171142e425dc9ea99d03,admin,batch_job
DATE_OF_BIRTH,"1976-03-11",TKN_W485JQQQ8SQU_DATE_OF_BIRTH,true,a69e50a5942dbd1d118a6af68bc6b78e,admin,batch_job
ADDRESS,"118 Ada Lane, West Geneton, Illinois, 64134-3604",TKN_W485JQQQ8SQU_ADDRESS,true,cf7ae84b280546d5b466d7ba252b9982,admin,batch_job
CITY,"Srinagar",TKN_W485JQQQ8SQU_CITY,true,267f30317f5e35e246059fa7b59deeec,admin,batch_job
COUNTRY,"India",TKN_W485JQQQ8SQU_COUNTRY,true,9d685e520b33891e36350ad53dea6268,admin,batch_job
MIDDLE_NAME,"Bin",TKN_W485JQQQ8SQU_MIDDLE_NAME,true,230a1515c465c8dc2358de52b10c9620,admin,batch_job
FIRST_NAME,"Luo",TKN_RJFWY26J9DHO_FIRST_NAME,false,b1f8e0668765c3fde3cb54e53aeadb06,api,admin
LAST_NAME,"Rivera",TKN_RJFWY26J9DHO_LAST_NAME,false,c5f5cb9ae929bf69afe58c1eea20b83a,api,admin
EMAIL,"Luo_Rivera@yahoo.com",TKN_RJFWY26J9DHO_EMAIL,false,168034d7f498159d6b00725f2c20e13a,api,admin
MOBILE_NUMBER,"9641095170",TKN_RJFWY26J9DHO_MOBILE_NUMBER,false,a1003873a4f807cb7d6f6b5d0084ecdf,api,admin
DATE_OF_BIRTH,"1998-05-02",TKN_RJFWY26J9DHO_DATE_OF_BIRTH,false,bf6f6adcb1d6561f2eb65c3d94d7e829,api,admin
ADDRESS,"5580 Lou Fords, Botsfordbury, Maryland, 38314",TKN_RJFWY26J9DHO_ADDRESS,false,2392828fabdf26bddae002ee86619658,api,admin
CITY,"Kota",TKN_RJFWY26J9DHO_CITY,false,1994a54caef2778ee8b3dbeb381f54de,api,admin
COUNTRY,"India",TKN_RJFWY26J9DHO_COUNTRY,false,1f09b4706e60c41040448c32248d2754,api,admin
PAN_CARD,"JQZSI2767D",TKN_RJFWY26J9DHO_PAN_CARD,false,956d5f2079556b1659e9773aeb82bfec,api,admin
FIRST_NAME,"Arnav",TKN_CILH5M6J1OCK_FIRST_NAME,true,bbabb9e43dc82b29d14d588abd057fd1,admin,api
LAST_NAME,"Nguyen",TKN_CILH5M6J1OCK_LAST_NAME,true,7087da2ec7994a13734a1b38b8b45bc1,admin,api
EMAIL,"Arnav_Nguyen70@gmail.com",TKN_CILH5M6J1OCK_EMAIL,true,75fd191f90c0bfc1c03b7cbdeff4dc34,admin,api
MOBILE_NUMBER,"9643067040",TKN_CILH5M6J1OCK_MOBILE_NUMBER,true,ddc40fb958a70513b0b4e14825532f30,admin,api
DATE_OF_BIRTH,"1954-04-26",TKN_CILH5M6J1OCK_DATE_OF_BIRTH,true,2cd64e678fccc53dfb5673c581e1aa9e,admin,api
ADDRESS,"533 Annie Unions, East Josefa, Colorado, 75587-1578",TKN_CILH5M6J1OCK_ADDRESS,true,e34aeee86501528dca7fcaaa3e26ef85,admin,api
CITY,"Bhopal",TKN_CILH5M6J1OCK_CITY,true,025b8b95d148013b22fc6ba29bf176f2,admin,api
COUNTRY,"India",TKN_CILH5M6J1OCK_COUNTRY,true,ef201da2b8f9dc2cb4f9424ab8acb2ea,admin,api
FIRST_NAME,"Justin",TKN_O4FEHYJ9NDWQ_FIRST_NAME,false,f9947c53e766ccddd9e5a8d43dcc5a7e,batch_job,system
LAST_NAME,"Torres",TKN_O4FEHYJ9NDWQ_LAST_NAME,false,cbfcfb1d31e11d13e56610618f318f49,batch_job,system
EMAIL,"Justin.Torres@hotmail.com",TKN_O4FEHYJ9NDWQ_EMAIL,false,78e6e0df0d082a3d0eae8276357ba15d,batch_job,system
MOBILE_NUMBER,"6980595570",TKN_O4FEHYJ9NDWQ_MOBILE_NUMBER,false,ac3f7f2a17f16b19cca18d5cf53ee07b,batch_job,system
DATE_OF_BIRTH,"1985-09-06",TKN_O4FEHYJ9NDWQ_DATE_OF_BIRTH,false,5cc4edc86cf34ac3105fbf11e77c3a42,batch_job,system
ADDRESS,"9636 Shyann Wells, East Hattiefort, Hawaii, 00521-5937",TKN_O4FEHYJ9NDWQ_ADDRESS,false,e07f5bda8a6e6d485eb25846fb43f5ab,batch_job,system
CITY,"Kanpur",TKN_O4FEHYJ9NDWQ_CITY,false,35b195a8a5b6b26ee6c971c186571194,batch_job,system
COUNTRY,"India",TKN_O4FEHYJ9NDWQ_COUNTRY,false,afa5cb0e2b74e359fb0340c9902009e7,batch_job,system
FIRST_NAME,"Tanya",TKN_A3PULK4S8XUY_FIRST_NAME,true,d95cead8825935d3c786ec7adf1612cb,batch_job,api
LAST_NAME,"Zaveri",TKN_A3PULK4S8XUY_LAST_NAME,true,4a785b088f8d2e113a2db58d654e837b,batch_job,api
EMAIL,"Tanya.Zaveri@gmail.com",TKN_A3PULK4S8XUY_EMAIL,true,20239992351901d086a0454bfb5567db,batch_job,api
MOBILE_NUMBER,"9235242043",TKN_A3PULK4S8XUY_MOBILE_NUMBER,true,315049f01d82423f36fe829527172b35,batch_job,api
DATE_OF_BIRTH,"1968-02-10",TKN_A3PULK4S8XUY_DATE_OF_BIRTH,true,48cb24b3d30a2a077e761b6fc7c6b7f2,batch_job,api
ADDRESS,"91169 School Street, Orloton, Oklahoma, 81995-3673",TKN_A3PULK4S8XUY_ADDRESS,true,22205b97ab4d2a689a50623da6d819c7,batch_job,api
CITY,"Delhi",TKN_A3PULK4S8XUY_CITY,true,c58823f0d9cd48fdc1a3329b329e3106,batch_job,api
COUNTRY,"India",TKN_A3PULK4S8XUY_COUNTRY,true,c42f5874546c1d175845f6b0251879aa,batch_job,api
PAN_CARD,"ESWZD1553K",TKN_A3PULK4S8XUY_PAN_CARD,true,ef6f07ba1c7c6487edce5e7e2c972b5c,batch_job,api
PASSPORT_NUMBER,"Y9931833",TKN_A3PULK4S8XUY_PASSPORT_NUMBER,true,f1be15f25b085869ab0ff8f7656a2cf4,batch_job,api
FIRST_NAME,"Vidya",TKN_VQQUWET941E2_FIRST_NAME,false,637f2baa45aad1fa2d9701adc0f923b5,user,admin
LAST_NAME,"Rivera",TKN_VQQUWET941E2_LAST_NAME,false,cae1746180e9d540af91b2e0117e82e8,user,admin
EMAIL,"Vidya.Rivera24@yahoo.com",TKN_VQQUWET941E2_EMAIL,false,1835b626cdfc835f3fa14655eeb969ab,user,admin
MOBILE_NUMBER,"9962622960",TKN_VQQUWET941E2_MOBILE_NUMBER,false,148938652fe92f456b835b15a2497ffe,user,admin
DATE_OF_BIRTH,"1982-01-23",TKN_VQQUWET941E2_DATE_OF_BIRTH,false,93834fcb71a4f46eefc5dd9438ddff9b,user,admin
ADDRESS,"1736 E 4th Avenue, North Darlenefort, Michigan, 74017-6131",TKN_VQQUWET941E2_ADDRESS,false,9706b32a77ac7b35ec34d42e3adf0362,user,admin
CITY,"Srinagar",TKN_VQQUWET941E2_CITY,false,46ede1da0823c8ee5ab6ff88563a70e4,user,admin
COUNTRY,"India",TKN_VQQUWET941E2_COUNTRY,false,f8b7e0c60990b68ac4e362baca9ffe6a,user,admin
PASSPORT_NUMBER,"V0553995",TKN_VQQUWET941E2_PASSPORT_NUMBER,false,187297ee527c18cbf00d160684148c10,user,admin
FIRST_NAME,"Gary",TKN_PC8RKNZD1OZN_FIRST_NAME,true,c8f3abbb1aa19e3a79da13a32785e6ac,admin,user
LAST_NAME,"Thomas",TKN_PC8RKNZD1OZN_LAST_NAME,true,9d4e4e7b0a022419b4ebae0cdff303a3,admin,user
EMAIL,"Gary_Thomas@hotmail.com",TKN_PC8RKNZD1OZN_EMAIL,true,0530795f8f5fcbe8c1770ad93b4d13ae,admin,user
MOBILE_NUMBER,"6393200467",TKN_PC8RKNZD1OZN_MOBILE_NUMBER,true,7f53143da161bcec89e99b20b526e608,admin,user
DATE_OF_BIRTH,"1990-03-19",TKN_PC8RKNZD1OZN_DATE_OF_BIRTH,true,c12cebe18e3ca838d7e79e81f2795a70,admin,user
ADDRESS,"6845 Tiara Motorway, Port Erickatown, Connecticut, 12394-8079",TKN_PC8RKNZD1OZN_ADDRESS,true,ae3451a84e8537b45bccd3e0b49ac838,admin,user
CITY,"Srinagar",TKN_PC8RKNZD1OZN_CITY,true,ded2037872b06ef6ec5a414eba313366,admin,user
COUNTRY,"India",TKN_PC8RKNZD1OZN_COUNTRY,true,030cac7c3a1bc8a9dd089442d1beb24f,admin,user
MIDDLE_NAME,"Qing",TKN_PC8RKNZD1OZN_MIDDLE_NAME,true,64c0304187a28ecfa693a07d76768e4f,admin,user
PAN_CARD,"PTHPQ1437R",TKN_PC8RKNZD1OZN_PAN_CARD,true,dcdccc5cb08128428365a27e74c9467c,admin,user
FIRST_NAME,"Samuel",TKN_2O3TLQ18A0GJ_FIRST_NAME,true,3c2255810704bafbf6964ce3726f1b47,system,api
LAST_NAME,"Anderson",TKN_2O3TLQ18A0GJ_LAST_NAME,true,6a10ac790a097bf9b48caa87115ff49c,system,api
EMAIL,"Samuel.Anderson@yahoo.com",TKN_2O3TLQ18A0GJ_EMAIL,true,1b5a713928374636ed631c067a7b8bfa,system,api
MOBILE_NUMBER,"9594998265",TKN_2O3TLQ18A0GJ_MOBILE_NUMBER,true,2860fee7194ca4163bcd2bcc5a6370c8,system,api
DATE_OF_BIRTH,"1945-04-19",TKN_2O3TLQ18A0GJ_DATE_OF_BIRTH,true,d24d992f3bac3ac11de28080f182fb23,system,api
ADDRESS,"882 Gislason Expressway, Estebanworth, Utah, 38831",TKN_2O3TLQ18A0GJ_ADDRESS,true,2592755100649e1c56d184bef678468f,system,api
CITY,"Bangalore",TKN_2O3TLQ18A0GJ_CITY,true,0b1ed588c9ba3bc388fcef691401cf91,system,api
COUNTRY,"India",TKN_2O3TLQ18A0GJ_COUNTRY,true,9318449ecfeab3e4ec756a3406b8987b,system,api
FIRST_NAME,"Hu",TKN_5EZEXC7WHBX5_FIRST_NAME,true,09139bf9c0b68426c2c750b21776eea4,user,api
LAST_NAME,"Young",TKN_5EZEXC7WHBX5_LAST_NAME,true,b41739834bcd0b8fc9ff3d6e057093a1,user,api
EMAIL,"Hu.Young43@gmail.com",TKN_5EZEXC7WHBX5_EMAIL,true,f1561c902b08b6ae1efc643b87215c17,user,api
MOBILE_NUMBER,"6294143153",TKN_5EZEXC7WHBX5_MOBILE_NUMBER,true,d6025e398169e3d68168f5ae96e01548,user,api
DATE_OF_BIRTH,"1993-04-21",TKN_5EZEXC7WHBX5_DATE_OF_BIRTH,true,9cc9202a740d338035b57b4fe97fb9c8,user,api
ADDRESS,"192 Daphne Road, Fort Hershelton, New York, 73148-9276",TKN_5EZEXC7WHBX5_ADDRESS,true,c90a9f608da51978e98d2d0488f5fadc,user,api
CITY,"Faridabad",TKN_5EZEXC7WHBX5_CITY,true,658afe6795164426c00824b79bdc99da,user,api
COUNTRY,"India",TKN_5EZEXC7WHBX5_COUNTRY,true,d412a0267911a0f2f6efcf8271d82fe3,user,api
FIRST_NAME,"Aanya",TKN_NJVM3XBYOJ57_FIRST_NAME,true,3dd2ee55cc185e449ec640c7a6014b72,admin,admin
LAST_NAME,"Jung",TKN_NJVM3XBYOJ57_LAST_NAME,true,d8be518d85c9e2cc8bfcce6a1ecf2c7e,admin,admin
EMAIL,"Aanya_Jung79@gmail.com",TKN_NJVM3XBYOJ57_EMAIL,true,e88782dc42038874b5188704bc571063,admin,admin
MOBILE_NUMBER,"7179551365",TKN_NJVM3XBYOJ57_MOBILE_NUMBER,true,22cb63a68fbecd214f05af0b34ae7dca,admin,admin
DATE_OF_BIRTH,"1976-03-28",TKN_NJVM3XBYOJ57_DATE_OF_BIRTH,true,48e45c9154625d90b99b32b0fd52b2cf,admin,admin
ADDRESS,"87875 Chestnut Grove, West Rhoda, Michigan, 39007",TKN_NJVM3XBYOJ57_ADDRESS,true,e56f17c26ebcc16f41942f5500f97af4,admin,admin
CITY,"Nashik",TKN_NJVM3XBYOJ57_CITY,true,5cdb75ab97d4995167bb705b5e7e9ecc,admin,admin
COUNTRY,"India",TKN_NJVM3XBYOJ57_COUNTRY,true,776e776ea9c546fbb5c6a663d9864967,admin,admin
FIRST_NAME,"Min-jun",TKN_1G4OD87PJ44W_FIRST_NAME,true,b7034322a4c0a4bcc4651ae280a51683,user,system
LAST_NAME,"Roberts",TKN_1G4OD87PJ44W_LAST_NAME,true,3c540ec4d734d5e1eed17310c505371f,user,system
EMAIL,"Min-jun.Roberts1@hotmail.com",TKN_1G4OD87PJ44W_EMAIL,true,4ac75f67edec890c668fbfd61640df98,user,system
MOBILE_NUMBER,"9445593949",TKN_1G4OD87PJ44W_MOBILE_NUMBER,true,97e931fe8438c9ff26677070249b9602,user,system
DATE_OF_BIRTH,"1985-07-09",TKN_1G4OD87PJ44W_DATE_OF_BIRTH,true,48666c7a58c4e593dabc81e84f0e67d2,user,system
ADDRESS,"97811 Luettgen Ways, Christiantown, Maine, 96375",TKN_1G4OD87PJ44W_ADDRESS,true,e650bab3192bea127f1fe3b67c78bc1a,user,system
CITY,"Vijayawada",TKN_1G4OD87PJ44W_CITY,true,a86fbfa4f798e4fc27d6a193623a4d6e,user,system
COUNTRY,"India",TKN_1G4OD87PJ44W_COUNTRY,true,5add35bc65130d38c700d18088225b68,user,system
FIRST_NAME,"Ye-eun",TKN_71WISGOFLJAL_FIRST_NAME,true,2e61e97cf577441dfdfe6594c9bb7264,admin,batch_job
LAST_NAME,"Kobayashi",TKN_71WISGOFLJAL_LAST_NAME,true,8dbbb6e5a676a61a3ab1eef12c503fc7,admin,batch_job
EMAIL,"Ye-eun.Kobayashi31@yahoo.com",TKN_71WISGOFLJAL_EMAIL,true,43800b32757f56cfe1de85e6bdc7ea16,admin,batch_job
MOBILE_NUMBER,"6477143244",TKN_71WISGOFLJAL_MOBILE_NUMBER,true,6d2b86920c32ed20de576dfecb9aeabd,admin,batch_job
DATE_OF_BIRTH,"1950-07-15",TKN_71WISGOFLJAL_DATE_OF_BIRTH,true,2fe3d78249ae05186fd320c24db358ac,admin,batch_job
ADDRESS,"582 Pouros Villages, West Lucinda, Pennsylvania, 27833-7373",TKN_71WISGOFLJAL_ADDRESS,true,f28c3540e48c97746c946bfc1f30e60d,admin,batch_job
CITY,"Gwalior",TKN_71WISGOFLJAL_CITY,true,8fe712a0f54b1640a94f07900d70fe95,admin,batch_job
COUNTRY,"India",TKN_71WISGOFLJAL_COUNTRY,true,65391c9cdd5f04f67c508432a9eaff88,admin,batch_job
MIDDLE_NAME,"Bhushan",TKN_71WISGOFLJAL_MIDDLE_NAME,true,3bfb4648c39f091cbb595bff9de1de62,admin,batch_job
PASSPORT_NUMBER,"T4376121",TKN_71WISGOFLJAL_PASSPORT_NUMBER,true,403ceabe26401a9e63a2c3bac639c223,admin,batch_job
FIRST_NAME,"Nicholas",TKN_YILXANE5N7MS_FIRST_NAME,true,1120e139c17936779be6de49a85c3fdb,admin,user
LAST_NAME,"Yoshida",TKN_YILXANE5N7MS_LAST_NAME,true,71e2029e7ac9c7b8cacbed6d006b5617,admin,user
EMAIL,"Nicholas.Yoshida13@gmail.com",TKN_YILXANE5N7MS_EMAIL,true,aaa8a7f262830ce05991f8a42984a007,admin,user
MOBILE_NUMBER,"8311997907",TKN_YILXANE5N7MS_MOBILE_NUMBER,true,7ee148eee3540abf07cf33bb86556828,admin,user
DATE_OF_BIRTH,"2004-02-03",TKN_YILXANE5N7MS_DATE_OF_BIRTH,true,a86b7cc904f07bfaf22f8b4926173732,admin,user
ADDRESS,"85401 Vivianne Lights, Torrance, Utah, 66150",TKN_YILXANE5N7MS_ADDRESS,true,96d05f87d8c75680d9bde1b27bf7615f,admin,user
CITY,"Jodhpur",TKN_YILXANE5N7MS_CITY,true,8b2f1ea750c4d05803555aead0545683,admin,user
COUNTRY,"India",TKN_YILXANE5N7MS_COUNTRY,true,7c0bb2e462a5613139b4df688d2dd2cb,admin,user
PASSPORT_NUMBER,"P5168117",TKN_YILXANE5N7MS_PASSPORT_NUMBER,true,47ff0f7bb5a32aae06d990ab806ae3dc,admin,user
FIRST_NAME,"Nicholas",TKN_KQOTYJ3I5A3M_FIRST_NAME,true,6bdcd1629ec9b5a22b9e176431af9834,system,admin
LAST_NAME,"Cao",TKN_KQOTYJ3I5A3M_LAST_NAME,true,3428b8432924a5123900957007fea4a2,system,admin
EMAIL,"Nicholas_Cao@yahoo.com",TKN_KQOTYJ3I5A3M_EMAIL,true,4bd2552619160acd5eeea4f48a5e7fbb,system,admin
MOBILE_NUMBER,"6172567778",TKN_KQOTYJ3I5A3M_MOBILE_NUMBER,true,68b0f6bd8ef15ff3eaec054b156d0b05,system,admin
DATE_OF_BIRTH,"1959-08-06",TKN_KQOTYJ3I5A3M_DATE_OF_BIRTH,true,6cb1e92f4d431eb452fca845100d9a64,system,admin
ADDRESS,"31367 Garret Underpass, Trompport, Wisconsin, 42437-2170",TKN_KQOTYJ3I5A3M_ADDRESS,true,6cb59743721fe4b4a04dfcbc5bc7482f,system,admin
CITY,"Delhi",TKN_KQOTYJ3I5A3M_CITY,true,55414790f1b83f286119b049b32b4216,system,admin
COUNTRY,"India",TKN_KQOTYJ3I5A3M_COUNTRY,true,15d29674192e6a850bf92aadc3bf58be,system,admin
FIRST_NAME,"Su-bin",TKN_1LSSX5OSV6F2_FIRST_NAME,true,b63ce35721bf192f1f96391a543fe6ce,user,system
LAST_NAME,"Clark",TKN_1LSSX5OSV6F2_LAST_NAME,true,3fbb68ac11f640525139b526bdce90f3,user,system
EMAIL,"Su-bin.Clark73@gmail.com",TKN_1LSSX5OSV6F2_EMAIL,true,b626db998fbf783430276d39caad4351,user,system
MOBILE_NUMBER,"8185899158",TKN_1LSSX5OSV6F2_MOBILE_NUMBER,true,0654492f955d1fc1c5973df4ee63da75,user,system
DATE_OF_BIRTH,"1957-08-23",TKN_1LSSX5OSV6F2_DATE_OF_BIRTH,true,7a093e31db5223a2586bd4a69ae56c54,user,system
ADDRESS,"42189 Doyle Neck, Orphaworth, Massachusetts, 53342",TKN_1LSSX5OSV6F2_ADDRESS,true,7a5322c557cb6f859076ca5868ed510a,user,system
CITY,"Aurangabad",TKN_1LSSX5OSV6F2_CITY,true,8c9714f97a8f655fad915dae2c7ea105,user,system
COUNTRY,"India",TKN_1LSSX5OSV6F2_COUNTRY,true,ac782bbf8929f4edcc57e9b2fc60cf0f,user,system
FIRST_NAME,"Xie",TKN_8S5VG72QRSVQ_FIRST_NAME,true,1ce2df5c6a72a598643ca32bf49567ec,api,batch_job
LAST_NAME,"Thomas",TKN_8S5VG72QRSVQ_LAST_NAME,true,a988026881bd6c45f6e4c78b57e6da8c,api,batch_job
EMAIL,"Xie_Thomas2@gmail.com",TKN_8S5VG72QRSVQ_EMAIL,true,3fd865365c5c9d85153e0abe523328cb,api,batch_job
MOBILE_NUMBER,"7793804267",TKN_8S5VG72QRSVQ_MOBILE_NUMBER,true,d59582ab7e9cb15ce1a522508a0129f6,api,batch_job
DATE_OF_BIRTH,"1945-06-23",TKN_8S5VG72QRSVQ_DATE_OF_BIRTH,true,1f70ebbfb93155310de70c54158de406,api,batch_job
ADDRESS,"447 Melyssa Common, Port Elian, Arizona, 57707-8421",TKN_8S5VG72QRSVQ_ADDRESS,true,bf1cee595b20d0158856c9bed8bfd890,api,batch_job
CITY,"Vijayawada",TKN_8S5VG72QRSVQ_CITY,true,c4d399181dc4d44ad990ad1e42e9dc08,api,batch_job
COUNTRY,"India",TKN_8S5VG72QRSVQ_COUNTRY,true,2e10787632d0444f933dd974e895e3bd,api,batch_job
FIRST_NAME,"Raj",TKN_MPCJATZN99M5_FIRST_NAME,false,ac86ff107af963983e4e4d7d3cdd7933,user,batch_job
LAST_NAME,"Yoshida",TKN_MPCJATZN99M5_LAST_NAME,false,a1c4f537338ebdc614789232e5ba659f,user,batch_job
EMAIL,"Raj_Yoshida78@hotmail.com",TKN_MPCJATZN99M5_EMAIL,false,7194ff0d058347cb615594869620099d,user,batch_job
MOBILE_NUMBER,"9758522080",TKN_MPCJATZN99M5_MOBILE_NUMBER,false,4d8b348cd22cbc7457ed6b3008218cad,user,batch_job
DATE_OF_BIRTH,"1960-06-04",TKN_MPCJATZN99M5_DATE_OF_BIRTH,false,6f359701aae1ab5ca2240259b2bd8f01,user,batch_job
ADDRESS,"9542 Lesly Villages, Pearland, New York, 05458",TKN_MPCJATZN99M5_ADDRESS,false,b6fc0cb8364d722506377910971da688,user,batch_job
CITY,"Gwalior",TKN_MPCJATZN99M5_CITY,false,a4c1edc021dd8ee3a23bbf0d6bb51dff,user,batch_job
COUNTRY,"India",TKN_MPCJATZN99M5_COUNTRY,false,926fdfa3ada9c79df1baadd2083eb00e,user,batch_job
PAN_CARD,"CAPPW9372T",TKN_MPCJATZN99M5_PAN_CARD,false,b193992f7c6bb6d0912242f955ca2b0f,user,batch_job
FIRST_NAME,"Sarah",TKN_O9G7NM71DLVG_FIRST_NAME,true,ca8dc480127d80ea994bec483d801b28,batch_job,system
LAST_NAME,"Kim",TKN_O9G7NM71DLVG_LAST_NAME,true,ce67abf836bdab642525f0c0403b012c,batch_job,system
EMAIL,"Sarah.Kim@gmail.com",TKN_O9G7NM71DLVG_EMAIL,true,113e275eb0f9639d9e9bfc74601fb100,batch_job,system
MOBILE_NUMBER,"9249710297",TKN_O9G7NM71DLVG_MOBILE_NUMBER,true,13583f4763911b89e767f909e898bc02,batch_job,system
DATE_OF_BIRTH,"1946-09-02",TKN_O9G7NM71DLVG_DATE_OF_BIRTH,true,86f43620d34328a719c044b36f0c13d5,batch_job,system
ADDRESS,"6875 Feil Hollow, East Eino, Rhode Island, 34071-6360",TKN_O9G7NM71DLVG_ADDRESS,true,22508e4e43654cd04a19fbeceb2a5843,batch_job,system
CITY,"Hubli-Dharwad",TKN_O9G7NM71DLVG_CITY,true,f0f36a4c6c2504fe0c0d656166fca9ed,batch_job,system
COUNTRY,"India",TKN_O9G7NM71DLVG_COUNTRY,true,41db4197fb232960ce49f3dbb8dd0fc1,batch_job,system
PAN_CARD,"WJDYJ3723J",TKN_O9G7NM71DLVG_PAN_CARD,true,f58c61b325a8238a709cd5dde48c8692,batch_job,system
FIRST_NAME,"Su-bin",TKN_Q4GDR7V4GU1V_FIRST_NAME,false,f28fa79b2b7bc8fab4be5e37965d2b83,user,admin
LAST_NAME,"Nakamura",TKN_Q4GDR7V4GU1V_LAST_NAME,false,8026193eb4a37209ecf0fa21642bd776,user,admin
EMAIL,"Su-bin.Nakamura72@gmail.com",TKN_Q4GDR7V4GU1V_EMAIL,false,281299c9ceabff47315b6678fa134100,user,admin
MOBILE_NUMBER,"9844788656",TKN_Q4GDR7V4GU1V_MOBILE_NUMBER,false,f98180731bb1ff4f14e9ff85b41f1422,user,admin
DATE_OF_BIRTH,"1960-09-06",TKN_Q4GDR7V4GU1V_DATE_OF_BIRTH,false,8a08946fc906eddd00847c00aef7da2d,user,admin
ADDRESS,"35138 Grant Motorway, South Yvonne, Iowa, 18974-4852",TKN_Q4GDR7V4GU1V_ADDRESS,false,a4c284148b5954d642d502735c7c3afd,user,admin
CITY,"Hubli-Dharwad",TKN_Q4GDR7V4GU1V_CITY,false,9cb6935032bcaff73c6dd1e1726b5e73,user,admin
COUNTRY,"India",TKN_Q4GDR7V4GU1V_COUNTRY,false,84697d6e79a2a0e3e99e01c87e0eca73,user,admin
PAN_CARD,"SJLNB2058S",TKN_Q4GDR7V4GU1V_PAN_CARD,false,664daff773ce5d6d59a6c6c55a0187e0,user,admin
FIRST_NAME,"Om",TKN_FJ0QTSCEKNFW_FIRST_NAME,false,159f01c8fc4fd5740902a6139e997670,batch_job,batch_job
LAST_NAME,"Garg",TKN_FJ0QTSCEKNFW_LAST_NAME,false,96699da55bc155e1d309f790d92ca779,batch_job,batch_job
EMAIL,"Om_Garg@hotmail.com",TKN_FJ0QTSCEKNFW_EMAIL,false,8d66bbd8028180c4091eec6fa80b2540,batch_job,batch_job
MOBILE_NUMBER,"9780717285",TKN_FJ0QTSCEKNFW_MOBILE_NUMBER,false,814f9f61f9ad3f4564a898c8ecfe1bf1,batch_job,batch_job
DATE_OF_BIRTH,"1951-05-12",TKN_FJ0QTSCEKNFW_DATE_OF_BIRTH,false,567c689703c5116c8d4388127892cedd,batch_job,batch_job
ADDRESS,"585 N Front Street, Santa Clara, Maryland, 20618",TKN_FJ0QTSCEKNFW_ADDRESS,false,7bbb5fdb67a4266cf50ffee5b881cca4,batch_job,batch_job
CITY,"Coimbatore",TKN_FJ0QTSCEKNFW_CITY,false,e7f91c4cae66d2299a2db4fec70a1004,batch_job,batch_job
COUNTRY,"India",TKN_FJ0QTSCEKNFW_COUNTRY,false,61057bd3fb8d7f9850f9df03e2269fc9,batch_job,batch_job
PAN_CARD,"YSONW0425D",TKN_FJ0QTSCEKNFW_PAN_CARD,false,d42deec5e493ddc2261a2b07e74b4f1a,batch_job,batch_job
FIRST_NAME,"Akash",TKN_J10IRX2AY6T5_FIRST_NAME,true,726cb370a29cf407e37166b1830ae3b7,system,api
LAST_NAME,"Smith",TKN_J10IRX2AY6T5_LAST_NAME,true,09cba6ec2f20e77b3d44ddcc5e045b5f,system,api
EMAIL,"Akash_Smith96@yahoo.com",TKN_J10IRX2AY6T5_EMAIL,true,1490fd4f8325d3eccd95f5b9b528e489,system,api
MOBILE_NUMBER,"6596941718",TKN_J10IRX2AY6T5_MOBILE_NUMBER,true,942a305e8ad03eba1ae12c69660428c3,system,api
DATE_OF_BIRTH,"1964-10-09",TKN_J10IRX2AY6T5_DATE_OF_BIRTH,true,c0bf683fa846d3bd9dcb692329c3de85,system,api
ADDRESS,"46638 Rickie Islands, Fort Albina, Illinois, 19584-0306",TKN_J10IRX2AY6T5_ADDRESS,true,4c305d300f7b285b94e40f278f2c8b47,system,api
CITY,"Raipur",TKN_J10IRX2AY6T5_CITY,true,729d5bf7338f58ab14a5327b55fc2987,system,api
COUNTRY,"India",TKN_J10IRX2AY6T5_COUNTRY,true,35502cc2df3e7d31d3d1351dae06661e,system,api
PASSPORT_NUMBER,"T7575651",TKN_J10IRX2AY6T5_PASSPORT_NUMBER,true,922b85e1b6a844ab0ea8ca81967e1554,system,api
FIRST_NAME,"Hui",TKN_W90J4B2GLWE3_FIRST_NAME,false,e7da6b122da1e20a6ecc73a3a10faee4,batch_job,batch_job
LAST_NAME,"Liu",TKN_W90J4B2GLWE3_LAST_NAME,false,d0a36b354069e6c385dce93774927313,batch_job,batch_job
EMAIL,"Hui_Liu@yahoo.com",TKN_W90J4B2GLWE3_EMAIL,false,8d122d91e7b899738e7dffea4090e548,batch_job,batch_job
MOBILE_NUMBER,"8114418607",TKN_W90J4B2GLWE3_MOBILE_NUMBER,false,41b868ce2294304e0208a79d52182778,batch_job,batch_job
DATE_OF_BIRTH,"1976-02-12",TKN_W90J4B2GLWE3_DATE_OF_BIRTH,false,7178bfffbaa482ac56d8bfeb8fc787ed,batch_job,batch_job
ADDRESS,"65723 Division Street, Arvidfield, Alabama, 42064",TKN_W90J4B2GLWE3_ADDRESS,false,56fae856b3b19672d3c5ea3c3c347896,batch_job,batch_job
CITY,"Mumbai",TKN_W90J4B2GLWE3_CITY,false,399fd1d7630a78ab67eca02ec4bb54ef,batch_job,batch_job
COUNTRY,"India",TKN_W90J4B2GLWE3_COUNTRY,false,0cdb5395ade86aca9aca28b1bcc12343,batch_job,batch_job
FIRST_NAME,"Zhu",TKN_XJV7958OLC7T_FIRST_NAME,true,f2257b78b36f5a24b78a0ca9e8a39d38,user,system
LAST_NAME,"Suzuki",TKN_XJV7958OLC7T_LAST_NAME,true,3fcc423e5043bbeaa69fbe31fa5395a6,user,system
EMAIL,"Zhu_Suzuki24@gmail.com",TKN_XJV7958OLC7T_EMAIL,true,665870e087db040986f3a4d02297f83d,user,system
MOBILE_NUMBER,"9843762061",TKN_XJV7958OLC7T_MOBILE_NUMBER,true,2938013648e1eef3d85fda91fed21d64,user,system
DATE_OF_BIRTH,"2000-06-14",TKN_XJV7958OLC7T_DATE_OF_BIRTH,true,010e4ad53bc574f10cff0713214b45d3,user,system
ADDRESS,"551 Tony Ville, Ricetown, Arkansas, 59233",TKN_XJV7958OLC7T_ADDRESS,true,cd01d56febd56361553d05148e2af4e6,user,system
CITY,"Rajkot",TKN_XJV7958OLC7T_CITY,true,43176414be7fd7a9accb97a8188e68e2,user,system
COUNTRY,"India",TKN_XJV7958OLC7T_COUNTRY,true,ccef74adf64f1d4770f64ae412b7b8eb,user,system
PAN_CARD,"HMSRV3907A",TKN_XJV7958OLC7T_PAN_CARD,true,4bf3b584861091b6198a4d2363b6aa00,user,system
FIRST_NAME,"Xie",TKN_SYFFF2EYJUZ2_FIRST_NAME,true,c10e79dbd87c79095d3a479384a1636f,user,system
LAST_NAME,"Lal",TKN_SYFFF2EYJUZ2_LAST_NAME,true,5a680197ef8be0da66c8bfe193fc1665,user,system
EMAIL,"Xie.Lal@gmail.com",TKN_SYFFF2EYJUZ2_EMAIL,true,6ca792ea3f222b62c07606501a139601,user,system
MOBILE_NUMBER,"6777279927",TKN_SYFFF2EYJUZ2_MOBILE_NUMBER,true,ef25b635b4485e9688f0809886e49121,user,system
DATE_OF_BIRTH,"2007-08-10",TKN_SYFFF2EYJUZ2_DATE_OF_BIRTH,true,e066a3dc21e9f1d4573ce79a36b0cc85,user,system
ADDRESS,"509 Bartell Passage, Lemkehaven, Texas, 44276-3795",TKN_SYFFF2EYJUZ2_ADDRESS,true,fb1da4e7442bab83477ce9d7fd38e09c,user,system
CITY,"Kalyan-Dombivali",TKN_SYFFF2EYJUZ2_CITY,true,e678a4068fdf1f17fedbd7f587c6ea99,user,system
COUNTRY,"India",TKN_SYFFF2EYJUZ2_COUNTRY,true,f24e8e4ad59a429b63c25fafe2d84374,user,system
MIDDLE_NAME,"Qing",TKN_SYFFF2EYJUZ2_MIDDLE_NAME,true,960c2c2a5db8507c558c8e209d9fdaf7,user,system
PAN_CARD,"XVOVJ7289J",TKN_SYFFF2EYJUZ2_PAN_CARD,true,4ca458380e1804c7a6e7b32b80e984bb,user,system
FIRST_NAME,"Deborah",TKN_1ZEN4ZLST9CL_FIRST_NAME,true,5afee0ea9adf48644bf1630383689af3,user,api
LAST_NAME,"Xu",TKN_1ZEN4ZLST9CL_LAST_NAME,true,1d3afb26243305860dee3d36cfece6a8,user,api
EMAIL,"Deborah_Xu@yahoo.com",TKN_1ZEN4ZLST9CL_EMAIL,true,42c041a47a51c35cb460ac1ccd95c54f,user,api
MOBILE_NUMBER,"9295710957",TKN_1ZEN4ZLST9CL_MOBILE_NUMBER,true,2b701032ce6c20fce8e1a30fd2945b3e,user,api
DATE_OF_BIRTH,"1955-05-02",TKN_1ZEN4ZLST9CL_DATE_OF_BIRTH,true,e653186ffc29e1db4fbcbe1f9a6f142d,user,api
ADDRESS,"21460 Reginald Flats, East Anjali, Washington, 76260-3555",TKN_1ZEN4ZLST9CL_ADDRESS,true,264711de327f0f8db471d709b84d7662,user,api
CITY,"Jabalpur",TKN_1ZEN4ZLST9CL_CITY,true,2c72b632a1314d650236ebebfae93268,user,api
COUNTRY,"India",TKN_1ZEN4ZLST9CL_COUNTRY,true,a290400c95e763a34506657be9b5bab2,user,api
FIRST_NAME,"Zhu",TKN_X1T1IA3LRBE5_FIRST_NAME,false,32640ce2b51538fd68b08bc4dacbc970,batch_job,user
LAST_NAME,"Walker",TKN_X1T1IA3LRBE5_LAST_NAME,false,9e7df07323c17d066f2630c07e3858c2,batch_job,user
EMAIL,"Zhu_Walker@yahoo.com",TKN_X1T1IA3LRBE5_EMAIL,false,31ec8aa66af20d6302cc4eb6cbc13af9,batch_job,user
MOBILE_NUMBER,"7552191893",TKN_X1T1IA3LRBE5_MOBILE_NUMBER,false,f9e05646f0a9f69c9052705e693d8e99,batch_job,user
DATE_OF_BIRTH,"1956-03-31",TKN_X1T1IA3LRBE5_DATE_OF_BIRTH,false,ee647227eb996deadc5bce63f1f371d7,batch_job,user
ADDRESS,"342 Towne Crescent, Cronacester, Mississippi, 70534-2662",TKN_X1T1IA3LRBE5_ADDRESS,false,5af33f57d71ce926a77dfd344a8e3ed1,batch_job,user
CITY,"Varanasi",TKN_X1T1IA3LRBE5_CITY,false,aab1fd4df80733c3d22af61ecf28c97e,batch_job,user
COUNTRY,"India",TKN_X1T1IA3LRBE5_COUNTRY,false,b0b93ddffd45fa8acdaa49cb3bcee0e3,batch_job,user
FIRST_NAME,"Ye-eun",TKN_IWH76EUL25G3_FIRST_NAME,true,1e3c9befd6d2f740fb8b786e8833999c,admin,system
LAST_NAME,"Mehra",TKN_IWH76EUL25G3_LAST_NAME,true,7217f5a037854aaecd6e388608fce93d,admin,system
EMAIL,"Ye-eun.Mehra@hotmail.com",TKN_IWH76EUL25G3_EMAIL,true,97d5fba6a578189f321046ba3bf43bd2,admin,system
MOBILE_NUMBER,"8872702095",TKN_IWH76EUL25G3_MOBILE_NUMBER,true,e5c59a552e4c5446320443d679be28ad,admin,system
DATE_OF_BIRTH,"1959-01-06",TKN_IWH76EUL25G3_DATE_OF_BIRTH,true,cf42ce3ff7cb0cf0cdc089ec234ba0f9,admin,system
ADDRESS,"39647 Jesus Ridge, Zelmashire, Oregon, 89264",TKN_IWH76EUL25G3_ADDRESS,true,8e30c1d0201dbee1a24e649e07598ce0,admin,system
CITY,"Jaipur",TKN_IWH76EUL25G3_CITY,true,bce71fa84ff38ff2484aa736a6e9312c,admin,system
COUNTRY,"India",TKN_IWH76EUL25G3_COUNTRY,true,0a58d8d242e8b5e949562f0c33cd1578,admin,system
MIDDLE_NAME,"Kai",TKN_IWH76EUL25G3_MIDDLE_NAME,true,fef8f5d1c4a30e2f2db095807ba0fdc7,admin,system
FIRST_NAME,"Hong",TKN_T3W98HLBOPXW_FIRST_NAME,false,df94a144ffdce61072c03fa8a68d3338,user,batch_job
LAST_NAME,"Jackson",TKN_T3W98HLBOPXW_LAST_NAME,false,0561392669287306632f524559ffa796,user,batch_job
EMAIL,"Hong.Jackson@gmail.com",TKN_T3W98HLBOPXW_EMAIL,false,b087230322974defc48dc096208f253b,user,batch_job
MOBILE_NUMBER,"6298015200",TKN_T3W98HLBOPXW_MOBILE_NUMBER,false,f7be9e1432bfb6813c455b0e4dcb302e,user,batch_job
DATE_OF_BIRTH,"2001-12-07",TKN_T3W98HLBOPXW_DATE_OF_BIRTH,false,d99560a1f631773f259e1a7bbe47584d,user,batch_job
ADDRESS,"3641 Ruecker Crest, Koeppstad, Texas, 57878-2016",TKN_T3W98HLBOPXW_ADDRESS,false,6411a4ef8657bb8d481825d36d252342,user,batch_job
CITY,"Delhi",TKN_T3W98HLBOPXW_CITY,false,1824ff424a41f7299e8aac15fd656bf0,user,batch_job
COUNTRY,"India",TKN_T3W98HLBOPXW_COUNTRY,false,25cb4fa2863de48d741ce3078e825504,user,batch_job
PAN_CARD,"IVBZT4376J",TKN_T3W98HLBOPXW_PAN_CARD,false,e2d1a18efc27adaaa388068120eb66dc,user,batch_job
FIRST_NAME,"So-young",TKN_2HLDVVATOSPT_FIRST_NAME,false,78aafdd54f700356c5e24333a8a4b566,api,batch_job
LAST_NAME,"Dutta",TKN_2HLDVVATOSPT_LAST_NAME,false,f194a2e1af77cbcd696fce7b3de17a47,api,batch_job
EMAIL,"So-young.Dutta21@yahoo.com",TKN_2HLDVVATOSPT_EMAIL,false,2e5b89f1b1f6a01c9c68bbba226a8142,api,batch_job
MOBILE_NUMBER,"7468380374",TKN_2HLDVVATOSPT_MOBILE_NUMBER,false,69a1cc53c1a3c5d1716918604aa0bd68,api,batch_job
DATE_OF_BIRTH,"1976-02-21",TKN_2HLDVVATOSPT_DATE_OF_BIRTH,false,7b096746f66eb7540ecc43ded229328a,api,batch_job
ADDRESS,"6636 Water Lane, Lake Evert, Arizona, 97669",TKN_2HLDVVATOSPT_ADDRESS,false,9c30433895aa374c82a03c20fbc0960e,api,batch_job
CITY,"Guwahati",TKN_2HLDVVATOSPT_CITY,false,6112cf2790331bfa3a63010c98df3467,api,batch_job
COUNTRY,"India",TKN_2HLDVVATOSPT_COUNTRY,false,7b522b6a60b16e7d027caf446c21c3ec,api,batch_job
MIDDLE_NAME,"Ming",TKN_2HLDVVATOSPT_MIDDLE_NAME,false,bb5244a0035e03b54b43005f74b113c3,api,batch_job
FIRST_NAME,"Hong",TKN_155D0LD49VLC_FIRST_NAME,false,13e6cb499337a805c921a43e7c823043,system,admin
LAST_NAME,"Oh",TKN_155D0LD49VLC_LAST_NAME,false,1d07929da087c49cbecd5aa29b83dd15,system,admin
EMAIL,"Hong.Oh@yahoo.com",TKN_155D0LD49VLC_EMAIL,false,03dfd36ce6779ededb181e1d6cdf7406,system,admin
MOBILE_NUMBER,"8925487090",TKN_155D0LD49VLC_MOBILE_NUMBER,false,745ac4c4d860bd477fccad8f46b1737c,system,admin
DATE_OF_BIRTH,"1972-09-24",TKN_155D0LD49VLC_DATE_OF_BIRTH,false,810fe8bf389a9518eb49887b6a5cec2a,system,admin
ADDRESS,"1273 Ana Rapids, Murphychester, Montana, 27603-8365",TKN_155D0LD49VLC_ADDRESS,false,b5558e5cb8f6ddcd41f12361f4f4bc5e,system,admin
CITY,"Faridabad",TKN_155D0LD49VLC_CITY,false,36d16c1e73422514ec44395d716385cb,system,admin
COUNTRY,"India",TKN_155D0LD49VLC_COUNTRY,false,cf44d2533e9fd75f074e7c40afbae7c1,system,admin
PAN_CARD,"SALWV7425U",TKN_155D0LD49VLC_PAN_CARD,false,64859c6d58dd6a24f682dce23888e630,system,admin
FIRST_NAME,"David",TKN_DJUQE8G6CPRK_FIRST_NAME,true,198df40997888a1ce3547cc39da594b3,api,batch_job
LAST_NAME,"Gonzalez",TKN_DJUQE8G6CPRK_LAST_NAME,true,939b75098c61b17633097a5c3773d36e,api,batch_job
EMAIL,"David_Gonzalez@hotmail.com",TKN_DJUQE8G6CPRK_EMAIL,true,7cd7944766ad12541a1fa057970916a0,api,batch_job
MOBILE_NUMBER,"9774651229",TKN_DJUQE8G6CPRK_MOBILE_NUMBER,true,bf5f25a8737dbdafa52180dcfb12810f,api,batch_job
DATE_OF_BIRTH,"1973-02-11",TKN_DJUQE8G6CPRK_DATE_OF_BIRTH,true,0ec9d2de6caafe2e0b37449277d2bd35,api,batch_job
ADDRESS,"76495 Reva Run, West Summer, Vermont, 18690",TKN_DJUQE8G6CPRK_ADDRESS,true,1b802a39d6e698645225ce3000a815d8,api,batch_job
CITY,"Ranchi",TKN_DJUQE8G6CPRK_CITY,true,c916d27a2e1727ed3c9336bdf7a37f42,api,batch_job
COUNTRY,"India",TKN_DJUQE8G6CPRK_COUNTRY,true,a7ababdaec0be11d131fde7b5306ebc7,api,batch_job
MIDDLE_NAME,"Kenneth",TKN_DJUQE8G6CPRK_MIDDLE_NAME,true,c535ffee4f8b41bf980346dab47021a6,api,batch_job
PAN_CARD,"CHKQQ2999O",TKN_DJUQE8G6CPRK_PAN_CARD,true,5e3b7580c0a9c5efd5ec63386a1149f1,api,batch_job
FIRST_NAME,"Elizabeth",TKN_4BQQ8JNETN31_FIRST_NAME,true,adbc4bc439f433fbf5d4c80cc2d56652,admin,batch_job
LAST_NAME,"Yang",TKN_4BQQ8JNETN31_LAST_NAME,true,faf52b3eafea7ebdc1ba24dca8ed0543,admin,batch_job
EMAIL,"Elizabeth_Yang19@hotmail.com",TKN_4BQQ8JNETN31_EMAIL,true,ce056456f9cb14fb1a3e1160b2e6fdb2,admin,batch_job
MOBILE_NUMBER,"9463207830",TKN_4BQQ8JNETN31_MOBILE_NUMBER,true,684ebd48f6e66fadfa830eea5d3d1132,admin,batch_job
DATE_OF_BIRTH,"1979-09-10",TKN_4BQQ8JNETN31_DATE_OF_BIRTH,true,a9060d3c7c84bcb53d31bc76fcda5296,admin,batch_job
ADDRESS,"47938 Lina Vista, Gleichnertown, Maryland, 38269",TKN_4BQQ8JNETN31_ADDRESS,true,b39b8f87d26efaa88a7632ef42f0a44d,admin,batch_job
CITY,"Hyderabad",TKN_4BQQ8JNETN31_CITY,true,3a935d2719173ddf0a49e100f3ee7e12,admin,batch_job
COUNTRY,"India",TKN_4BQQ8JNETN31_COUNTRY,true,34a393cae2b03ede34bb9b3772f84ead,admin,batch_job
MIDDLE_NAME,"Kai",TKN_4BQQ8JNETN31_MIDDLE_NAME,true,eaa55c641b9f35a03548832d546ed13d,admin,batch_job
PASSPORT_NUMBER,"I3632439",TKN_4BQQ8JNETN31_PASSPORT_NUMBER,true,4044bac37a0414411ec724a7d9037d9a,admin,batch_job
FIRST_NAME,"Ye-eun",TKN_5EPUQ9OD9POY_FIRST_NAME,false,27f54a8ea776b58e631ec0155bd989ea,user,api
LAST_NAME,"Watanabe",TKN_5EPUQ9OD9POY_LAST_NAME,false,7adb15b4ed128b34b8fd4b039eab1fd1,user,api
EMAIL,"Ye-eun.Watanabe14@gmail.com",TKN_5EPUQ9OD9POY_EMAIL,false,71c0019ad1307788742dc035254c6750,user,api
MOBILE_NUMBER,"7133345523",TKN_5EPUQ9OD9POY_MOBILE_NUMBER,false,934981e33644d31a27e49fe4e5d6c13e,user,api
DATE_OF_BIRTH,"1950-10-23",TKN_5EPUQ9OD9POY_DATE_OF_BIRTH,false,ac9496c2e978c4418299b5f28c98d170,user,api
ADDRESS,"20598 Roob Lodge, Port Lulucester, Maine, 90653",TKN_5EPUQ9OD9POY_ADDRESS,false,a19c4bf63b32d1f5504621c9ab10654a,user,api
CITY,"Amritsar",TKN_5EPUQ9OD9POY_CITY,false,fabf01286a334342627e8b2381ce8083,user,api
COUNTRY,"India",TKN_5EPUQ9OD9POY_COUNTRY,false,4f616039a331f1bc100d46a34e89c893,user,api
PASSPORT_NUMBER,"A5729779",TKN_5EPUQ9OD9POY_PASSPORT_NUMBER,false,ac5cf25de06037a7de57527518f97b5a,user,api
FIRST_NAME,"Huang",TKN_CB8G3D9Q3F3D_FIRST_NAME,true,c1639bd638c7fc887fb28a9081e6af8b,batch_job,admin
LAST_NAME,"Jin",TKN_CB8G3D9Q3F3D_LAST_NAME,true,fe33f3b5eb800b0a72b67b7ab1b40137,batch_job,admin
EMAIL,"Huang.Jin35@yahoo.com",TKN_CB8G3D9Q3F3D_EMAIL,true,03caae12170b6ceecabec6ec535db85e,batch_job,admin
MOBILE_NUMBER,"8246682309",TKN_CB8G3D9Q3F3D_MOBILE_NUMBER,true,d7b74fcc73bc05e19312d2e63182d220,batch_job,admin
DATE_OF_BIRTH,"1982-01-02",TKN_CB8G3D9Q3F3D_DATE_OF_BIRTH,true,aa37061584b9223e6195f7b881cabb44,batch_job,admin
ADDRESS,"780 Yvette Avenue, McKenziefurt, Pennsylvania, 68459-4293",TKN_CB8G3D9Q3F3D_ADDRESS,true,93074b2b429f9bb23940789c2eafeada,batch_job,admin
CITY,"Kalyan-Dombivali",TKN_CB8G3D9Q3F3D_CITY,true,fe7367a9cc33b930dc7ec1f7d23028fe,batch_job,admin
COUNTRY,"India",TKN_CB8G3D9Q3F3D_COUNTRY,true,f801d000cc574f58b6f526c6534ed8b6,batch_job,admin
MIDDLE_NAME,"Ping",TKN_CB8G3D9Q3F3D_MIDDLE_NAME,true,de2b395598df494bbad5c0bc701ad5e1,batch_job,admin
FIRST_NAME,"Lisa",TKN_HOAC43NXREP9_FIRST_NAME,true,2da8445f504ba7a47cf43ed89b7948d6,api,system
LAST_NAME,"Xie",TKN_HOAC43NXREP9_LAST_NAME,true,a44eff5b322b565b6abda8f66d03dcfc,api,system
EMAIL,"Lisa_Xie@hotmail.com",TKN_HOAC43NXREP9_EMAIL,true,36dc6ba25ee99c8eb94cf42bbae76e1a,api,system
MOBILE_NUMBER,"7461286064",TKN_HOAC43NXREP9_MOBILE_NUMBER,true,7a50970ec9e2000fe57ac01fdaf13b81,api,system
DATE_OF_BIRTH,"1985-01-01",TKN_HOAC43NXREP9_DATE_OF_BIRTH,true,0e0648f9206c367456604dc2af7291bb,api,system
ADDRESS,"54613 Poplar Road, Shieldsworth, Connecticut, 71585-7703",TKN_HOAC43NXREP9_ADDRESS,true,b69abad2842d24daa89da0e26f1580ab,api,system
CITY,"Gwalior",TKN_HOAC43NXREP9_CITY,true,ee06817bf0550db48027b10a6718d181,api,system
COUNTRY,"India",TKN_HOAC43NXREP9_COUNTRY,true,354688961a03bbdf016430daf920f31f,api,system
FIRST_NAME,"Xu",TKN_U030AEMGJXBB_FIRST_NAME,false,f7c2f6ffa8a62b83504cdf5abe260026,batch_job,api
LAST_NAME,"Varma",TKN_U030AEMGJXBB_LAST_NAME,false,c56818deab41efaeec09b4e1d6e45ce5,batch_job,api
EMAIL,"Xu.Varma89@hotmail.com",TKN_U030AEMGJXBB_EMAIL,false,ce6133f9e5f552fe80560f53c304c384,batch_job,api
MOBILE_NUMBER,"8384005329",TKN_U030AEMGJXBB_MOBILE_NUMBER,false,cdcb3e95447dcfb32b1b946dde91a24a,batch_job,api
DATE_OF_BIRTH,"1967-09-11",TKN_U030AEMGJXBB_DATE_OF_BIRTH,false,e1019f53211bf4a9bc144fd615ebda31,batch_job,api
ADDRESS,"231 Runolfsson Pike, Kohlerboro, New Jersey, 41429-8675",TKN_U030AEMGJXBB_ADDRESS,false,769a516530f1b95ee0094a4647a13df3,batch_job,api
CITY,"Aurangabad",TKN_U030AEMGJXBB_CITY,false,bf229df9d1e793ec3991d43653270458,batch_job,api
COUNTRY,"India",TKN_U030AEMGJXBB_COUNTRY,false,045d1967ed5b263f84ef2ae5e182f9f0,batch_job,api
MIDDLE_NAME,"Kumari",TKN_U030AEMGJXBB_MIDDLE_NAME,false,90b7c1c9beab7ff65902a81c1cb607bb,batch_job,api
PAN_CARD,"NPTMD0583Z",TKN_U030AEMGJXBB_PAN_CARD,false,b8d4c3e3a97a1103eaa9aeeac302197d,batch_job,api
FIRST_NAME,"Naman",TKN_Y3TVJ3URLNUR_FIRST_NAME,true,95a8f6c8bff5e9fb21f6f238462f8aea,admin,admin
LAST_NAME,"Aggarwal",TKN_Y3TVJ3URLNUR_LAST_NAME,true,c137428578e8687e5975d34fddf4ac06,admin,admin
EMAIL,"Naman.Aggarwal63@gmail.com",TKN_Y3TVJ3URLNUR_EMAIL,true,b7e5d2895aeec69d470cac8b9ffc52a3,admin,admin
MOBILE_NUMBER,"9394175266",TKN_Y3TVJ3URLNUR_MOBILE_NUMBER,true,6d6c288af98b61150c7a90f61c4811c2,admin,admin
DATE_OF_BIRTH,"1970-07-15",TKN_Y3TVJ3URLNUR_DATE_OF_BIRTH,true,83cc11052c804198b0029bf8970cd3a0,admin,admin
ADDRESS,"84977 Jackeline Greens, Fort Tyrique, New Jersey, 32448",TKN_Y3TVJ3URLNUR_ADDRESS,true,7f96b91cf98aa0da4e33811e6f991a6e,admin,admin
CITY,"Delhi",TKN_Y3TVJ3URLNUR_CITY,true,010bd963a945d410ad3b7ccf4aad4ce2,admin,admin
COUNTRY,"India",TKN_Y3TVJ3URLNUR_COUNTRY,true,3a6e462670db30edd5869101f1c795d2,admin,admin
PAN_CARD,"XZPNT0091D",TKN_Y3TVJ3URLNUR_PAN_CARD,true,988d025c25615e4dd7cefad53d8b8ecb,admin,admin
FIRST_NAME,"Thomas",TKN_QPTWCAAGB2ER_FIRST_NAME,true,d36e502f33d45b6a0f5b89531c3d615c,api,api
LAST_NAME,"Baker",TKN_QPTWCAAGB2ER_LAST_NAME,true,8ff74f356685e241e0472bb42fa8c439,api,api
EMAIL,"Thomas_Baker60@gmail.com",TKN_QPTWCAAGB2ER_EMAIL,true,cd948414a1a2982f4a017827c8b31451,api,api
MOBILE_NUMBER,"9457518264",TKN_QPTWCAAGB2ER_MOBILE_NUMBER,true,a85eb000b1b42be0c32e5f923eea2c48,api,api
DATE_OF_BIRTH,"1991-04-30",TKN_QPTWCAAGB2ER_DATE_OF_BIRTH,true,f42f327905a883210835db32c0a39f44,api,api
ADDRESS,"9729 Bath Street, Toyberg, Maine, 24438",TKN_QPTWCAAGB2ER_ADDRESS,true,566e9a8c1668311f00832aa1af336636,api,api
CITY,"Vijayawada",TKN_QPTWCAAGB2ER_CITY,true,75b877674702b076a2b4bfe85850328b,api,api
COUNTRY,"India",TKN_QPTWCAAGB2ER_COUNTRY,true,d8d7511caad56168a36debdb1a15aded,api,api
FIRST_NAME,"Chen",TKN_T2CVOP7RZ821_FIRST_NAME,false,131d81fa1c41d23c7de1ccda7209aa38,user,system
LAST_NAME,"Hwang",TKN_T2CVOP7RZ821_LAST_NAME,false,4b76c16044f1433c7aa681b40a1d0019,user,system
EMAIL,"Chen_Hwang@hotmail.com",TKN_T2CVOP7RZ821_EMAIL,false,9c0da02744954294ef6ebc0edea1fac0,user,system
MOBILE_NUMBER,"6448285181",TKN_T2CVOP7RZ821_MOBILE_NUMBER,false,af1192fa911e2a5ee8ad50d82cd0f5e4,user,system
DATE_OF_BIRTH,"2007-05-03",TKN_T2CVOP7RZ821_DATE_OF_BIRTH,false,ed52abcba27e80daf448746ca02c80ac,user,system
ADDRESS,"1315 Lake Drive, Fort Calemouth, Florida, 64260-5282",TKN_T2CVOP7RZ821_ADDRESS,false,958c20738fa1149fb2f64dcc4f7ed705,user,system
CITY,"Kanpur",TKN_T2CVOP7RZ821_CITY,false,c77bd72d94ac7bac3edf22a559d9b923,user,system
COUNTRY,"India",TKN_T2CVOP7RZ821_COUNTRY,false,5f133f193e359544bdc2abc4d60934a1,user,system
PAN_CARD,"XPEKE8898E",TKN_T2CVOP7RZ821_PAN_CARD,false,4c47d9d9a76ea824d9eba094cdd32855,user,system
FIRST_NAME,"Ishaan",TKN_MPEJWIABG47K_FIRST_NAME,true,38179c71698c292c8ff56f29fe736fa0,api,admin
LAST_NAME,"Sanchez",TKN_MPEJWIABG47K_LAST_NAME,true,b15e26f9ccc28d9acad5f7812d8f2ce0,api,admin
EMAIL,"Ishaan_Sanchez35@gmail.com",TKN_MPEJWIABG47K_EMAIL,true,12f2af971165fc0853702acc12e8edcd,api,admin
MOBILE_NUMBER,"6470953307",TKN_MPEJWIABG47K_MOBILE_NUMBER,true,058f2c4f2205a9fbc39dbb2a06a98ba6,api,admin
DATE_OF_BIRTH,"1989-09-06",TKN_MPEJWIABG47K_DATE_OF_BIRTH,true,e523156cb899ea1d69e4e09e9adbe4ea,api,admin
ADDRESS,"6818 Jed Hills, Eastvale, South Dakota, 37900",TKN_MPEJWIABG47K_ADDRESS,true,a82152090454e7ea26f7ccc8accf0259,api,admin
CITY,"Patna",TKN_MPEJWIABG47K_CITY,true,122456448e94921b99f7ae4d5eba225f,api,admin
COUNTRY,"India",TKN_MPEJWIABG47K_COUNTRY,true,dd412a1fc86acf841c869ff880e41a51,api,admin
PAN_CARD,"GZKVG8983R",TKN_MPEJWIABG47K_PAN_CARD,true,02ec4ee1d237c9121420955fa82390f3,api,admin
FIRST_NAME,"Huang",TKN_3L063YCJCS0F_FIRST_NAME,false,dfb89dca1de8c72f313f6748da51676c,user,system
LAST_NAME,"Chandra",TKN_3L063YCJCS0F_LAST_NAME,false,898ebaa25cc9cf02067a9f9791be639b,user,system
EMAIL,"Huang_Chandra@yahoo.com",TKN_3L063YCJCS0F_EMAIL,false,4becaf5d526054f89731245538362670,user,system
MOBILE_NUMBER,"8003930373",TKN_3L063YCJCS0F_MOBILE_NUMBER,false,e98c24ce706c4adde182550ac7adb603,user,system
DATE_OF_BIRTH,"1964-07-27",TKN_3L063YCJCS0F_DATE_OF_BIRTH,false,c6dead76134e969f7934f51179f98342,user,system
ADDRESS,"2546 Sandy Lane, Wildermanmouth, Iowa, 93597",TKN_3L063YCJCS0F_ADDRESS,false,11fcc0bf2400bf4342d3520725b6c3fb,user,system
CITY,"Ludhiana",TKN_3L063YCJCS0F_CITY,false,0f2c17ab7d7530dd56425517ee2c0dda,user,system
COUNTRY,"India",TKN_3L063YCJCS0F_COUNTRY,false,4edede5514f8d0dac863d8bc0655ea81,user,system
PAN_CARD,"EPFHJ3686P",TKN_3L063YCJCS0F_PAN_CARD,false,ce3669d3dede4481f7cb9ade1f3315e4,user,system
FIRST_NAME,"Liu",TKN_NAG6OWVHLT65_FIRST_NAME,false,66b8904733d9ad42a50bda3c53fe95b6,batch_job,api
LAST_NAME,"Gupta",TKN_NAG6OWVHLT65_LAST_NAME,false,e26581b51e18383d541c5b4fe49e80bf,batch_job,api
EMAIL,"Liu.Gupta@yahoo.com",TKN_NAG6OWVHLT65_EMAIL,false,01f1a233616eb1ef005234cc21b172a9,batch_job,api
MOBILE_NUMBER,"9878795588",TKN_NAG6OWVHLT65_MOBILE_NUMBER,false,2c0f3fd744a97ef71a2acb6f913007aa,batch_job,api
DATE_OF_BIRTH,"1974-05-25",TKN_NAG6OWVHLT65_DATE_OF_BIRTH,false,5c7cd72ef6dd34ca7ad48354e429a504,batch_job,api
ADDRESS,"96166 Nader Throughway, Boyerborough, California, 98766-5095",TKN_NAG6OWVHLT65_ADDRESS,false,e965aad5e9c044067b28c46b9ce5308d,batch_job,api
CITY,"Solapur",TKN_NAG6OWVHLT65_CITY,false,3d3923562c3895c83116aac13c98f2d9,batch_job,api
COUNTRY,"India",TKN_NAG6OWVHLT65_COUNTRY,false,291a428155f88b68a7aa0ebcc8494c54,batch_job,api
MIDDLE_NAME,"Kishore",TKN_NAG6OWVHLT65_MIDDLE_NAME,false,6d1ebe6dd3b9ec8dfdb2cfb55d59943e,batch_job,api
FIRST_NAME,"Xia",TKN_EZ9VKFRES2EK_FIRST_NAME,false,0a94cd410be1d8cc571ced106ab1b8ba,system,api
LAST_NAME,"Pillai",TKN_EZ9VKFRES2EK_LAST_NAME,false,6dd3a6e3b246b532c792b82c64133c1e,system,api
EMAIL,"Xia.Pillai1@gmail.com",TKN_EZ9VKFRES2EK_EMAIL,false,53da044d92a2859bdc169524bc444904,system,api
MOBILE_NUMBER,"9452924522",TKN_EZ9VKFRES2EK_MOBILE_NUMBER,false,669ac11f1b372f2105c556e9d8cddc9a,system,api
DATE_OF_BIRTH,"1991-09-29",TKN_EZ9VKFRES2EK_DATE_OF_BIRTH,false,615e24e1c6b8a8ee9161e701f0c0a94c,system,api
ADDRESS,"5556 Broad Lane, Yundtstad, Mississippi, 90703",TKN_EZ9VKFRES2EK_ADDRESS,false,ae9c456745078528db73f4a4b8c1a1bd,system,api
CITY,"Nashik",TKN_EZ9VKFRES2EK_CITY,false,9fad1f83298cc45deae2b80e63fdca3b,system,api
COUNTRY,"India",TKN_EZ9VKFRES2EK_COUNTRY,false,fb2777742471eb0e9f6399bd9234539f,system,api
PAN_CARD,"SNRLE1034T",TKN_EZ9VKFRES2EK_PAN_CARD,false,e923aabd20fa923c4e32793c61e9d057,system,api
PASSPORT_NUMBER,"T3717640",TKN_EZ9VKFRES2EK_PASSPORT_NUMBER,false,2ff23fad716a4a4f1e27337a2f02ae97,system,api
FIRST_NAME,"Wu",TKN_SFLHE7X09SLR_FIRST_NAME,false,c9292adf688d393762394fa962ffee9e,batch_job,batch_job
LAST_NAME,"Park",TKN_SFLHE7X09SLR_LAST_NAME,false,6b32f4e314d0491be5d0b017f0c7f2c6,batch_job,batch_job
EMAIL,"Wu.Park84@gmail.com",TKN_SFLHE7X09SLR_EMAIL,false,de62331307aefff8c7d68b2e15a09aee,batch_job,batch_job
MOBILE_NUMBER,"6693616808",TKN_SFLHE7X09SLR_MOBILE_NUMBER,false,2255524f121852ed418725f167682ef3,batch_job,batch_job
DATE_OF_BIRTH,"1996-12-28",TKN_SFLHE7X09SLR_DATE_OF_BIRTH,false,32544d91398120ca0dc39e118c765810,batch_job,batch_job
ADDRESS,"189 Pacocha Mountain, Leslieside, New Hampshire, 25168",TKN_SFLHE7X09SLR_ADDRESS,false,760957fa3ad1fc1bb8756cf4107f8b21,batch_job,batch_job
CITY,"Ghaziabad",TKN_SFLHE7X09SLR_CITY,false,9b2036abb2d2c86fe1508571523d00de,batch_job,batch_job
COUNTRY,"India",TKN_SFLHE7X09SLR_COUNTRY,false,436c7727b5b60610148c87bc7053dee0,batch_job,batch_job
FIRST_NAME,"Janvi",TKN_X7SI54TQUJX9_FIRST_NAME,true,cf1f671c471e94a0f3425a901a302ede,user,user
LAST_NAME,"Carter",TKN_X7SI54TQUJX9_LAST_NAME,true,c964952a16a7240d05adc8759599a2af,user,user
EMAIL,"Janvi_Carter92@yahoo.com",TKN_X7SI54TQUJX9_EMAIL,true,6fdf2f6930fd63b720cda8bdec2a099a,user,user
MOBILE_NUMBER,"6351550861",TKN_X7SI54TQUJX9_MOBILE_NUMBER,true,c85cdce266589fdd552e8c38729f5af1,user,user
DATE_OF_BIRTH,"1982-10-11",TKN_X7SI54TQUJX9_DATE_OF_BIRTH,true,ab0180a2351aaa01bee8695bae14ff15,user,user
ADDRESS,"6452 Isaiah Shore, Fort Raymondmouth, Nevada, 19042-1405",TKN_X7SI54TQUJX9_ADDRESS,true,3024e84fe3e28eb94900b0010bffda14,user,user
CITY,"Hyderabad",TKN_X7SI54TQUJX9_CITY,true,e98aa1f0c361a8961521df7f5e755805,user,user
COUNTRY,"India",TKN_X7SI54TQUJX9_COUNTRY,true,03a5b50d5229a9bf82af74535a0f00e0,user,user
PAN_CARD,"MPUGE2893L",TKN_X7SI54TQUJX9_PAN_CARD,true,ab1e596c523ac971f8f051edf2d98729,user,user
FIRST_NAME,"Sharon",TKN_R7160PCKH0OW_FIRST_NAME,true,a4834ce8d7db2b8b9397732a8e62d651,batch_job,api
LAST_NAME,"Bajaj",TKN_R7160PCKH0OW_LAST_NAME,true,42b2b8dc088db48712fe9e488082600b,batch_job,api
EMAIL,"Sharon_Bajaj@gmail.com",TKN_R7160PCKH0OW_EMAIL,true,048a60f833e5148ee2c65ceb42823dcb,batch_job,api
MOBILE_NUMBER,"6886656261",TKN_R7160PCKH0OW_MOBILE_NUMBER,true,27e9a476ac76a75f9c66887f6fba49c1,batch_job,api
DATE_OF_BIRTH,"2006-05-08",TKN_R7160PCKH0OW_DATE_OF_BIRTH,true,ca47080492367b9fd9d667f8360186f5,batch_job,api
ADDRESS,"33351 7th Avenue, Kleinland, New Mexico, 91898-4022",TKN_R7160PCKH0OW_ADDRESS,true,badd01e424fce33accd761e55ceacb76,batch_job,api
CITY,"Mumbai",TKN_R7160PCKH0OW_CITY,true,ce6e0528bf48d725ecee8a2b43618dda,batch_job,api
COUNTRY,"India",TKN_R7160PCKH0OW_COUNTRY,true,22609fdfdf55150e3638e030fb2f84c5,batch_job,api
FIRST_NAME,"Saanvi",TKN_CGPPHAT20J5C_FIRST_NAME,false,e6e9c8ee18644bcd57e08cc2aa53bc93,system,system
LAST_NAME,"Scott",TKN_CGPPHAT20J5C_LAST_NAME,false,b6aba5b42736764491c8483ebfe2be3d,system,system
EMAIL,"Saanvi_Scott@hotmail.com",TKN_CGPPHAT20J5C_EMAIL,false,57c8c3c4fb0dc37a5a0ef534243856a8,system,system
MOBILE_NUMBER,"9622720681",TKN_CGPPHAT20J5C_MOBILE_NUMBER,false,06abec6e90a7b4a3730d6ac4f7474077,system,system
DATE_OF_BIRTH,"1953-03-11",TKN_CGPPHAT20J5C_DATE_OF_BIRTH,false,37c985a1ab73238c113cdf1455605a3b,system,system
ADDRESS,"193 Forest Road, Shanyborough, New Mexico, 26067-7655",TKN_CGPPHAT20J5C_ADDRESS,false,833fd7dd6f5d3c9f3f07806ca98875e1,system,system
CITY,"Gwalior",TKN_CGPPHAT20J5C_CITY,false,87330d3d2bc12ac656c2d87d35bb42f0,system,system
COUNTRY,"India",TKN_CGPPHAT20J5C_COUNTRY,false,88bf9ec4859dfede5c70d966bcf5606c,system,system
FIRST_NAME,"Kevin",TKN_ERPAW9RPZPRP_FIRST_NAME,false,86707fe99febe8c5a838927648464a12,user,system
LAST_NAME,"Torres",TKN_ERPAW9RPZPRP_LAST_NAME,false,686dc2b410e050d6b010b28310019838,user,system
EMAIL,"Kevin.Torres11@gmail.com",TKN_ERPAW9RPZPRP_EMAIL,false,58efb39b6f316987287920e09f14428c,user,system
MOBILE_NUMBER,"9674415741",TKN_ERPAW9RPZPRP_MOBILE_NUMBER,false,d752b3492f3b2bf2dfc859126bc82a4e,user,system
DATE_OF_BIRTH,"2002-07-21",TKN_ERPAW9RPZPRP_DATE_OF_BIRTH,false,704aabf44ac629f3c7c690ca9214e3cf,user,system
ADDRESS,"67683 Roy Lights, West Maida, Nevada, 59657",TKN_ERPAW9RPZPRP_ADDRESS,false,483e16b9763c3660dd3add051afaec1f,user,system
CITY,"Agra",TKN_ERPAW9RPZPRP_CITY,false,fad89c27ee806ad280160728ca16268c,user,system
COUNTRY,"India",TKN_ERPAW9RPZPRP_COUNTRY,false,3061424cdd488aca12708f2a1d16403a,user,system
